<ImportExportXml xmlns:xsi="http://www.w3.org/2001/XMLSchema-instance">
  <Entities></Entities>
  <Roles></Roles>
  <Workflows>
    <Workflow WorkflowId="{547f72a3-70b0-eb11-8236-002248418460}" Name="Icon Menu Builder - Sharepoint Setup">
      <JsonFileName>/Workflows/IconMenuBuilder-SharepointSetup-547F72A3-70B0-EB11-8236-002248418460.json</JsonFileName>
      <Type>1</Type>
      <Subprocess>0</Subprocess>
      <Category>5</Category>
      <Mode>0</Mode>
      <Scope>4</Scope>
      <OnDemand>0</OnDemand>
      <TriggerOnCreate>0</TriggerOnCreate>
      <TriggerOnDelete>0</TriggerOnDelete>
      <AsyncAutodelete>0</AsyncAutodelete>
      <SyncWorkflowLogOnFailure>0</SyncWorkflowLogOnFailure>
      <StateCode>0</StateCode>
      <StatusCode>1</StatusCode>
      <RunAs>1</RunAs>
      <IsTransacted>1</IsTransacted>
      <IntroducedVersion>1.0.0.10</IntroducedVersion>
      <IsCustomizable>1</IsCustomizable>
      <IsCustomProcessingStepAllowedForOtherPublishers>1</IsCustomProcessingStepAllowedForOtherPublishers>
      <PrimaryEntity>none</PrimaryEntity>
      <LocalizedNames>
        <LocalizedName languagecode="1033" description="Icon Menu Builder - Sharepoint Setup" />
      </LocalizedNames>
    </Workflow>
  </Workflows>
  <FieldSecurityProfiles></FieldSecurityProfiles>
  <Templates />
  <EntityMaps />
  <EntityRelationships />
  <OrganizationSettings />
  <optionsets />
  <CustomControls />
  <EntityDataProviders />
  <CanvasApps>
    <CanvasApp>
      <Name>pp_iconmenubuilder_4fae2</Name>
      <AppVersion>2021-06-20T12:34:54Z</AppVersion>
      <Status>Ready</Status>
      <CreatedByClientVersion>3.21061.19.0</CreatedByClientVersion>
      <MinClientVersion>3.21061.19.0</MinClientVersion>
      <Tags>{"primaryDeviceWidth":"2273","primaryDeviceHeight":"1251","sienaVersion":"ff6a3b48-925b-45ee-981d-c9fdc5ba7705","deviceCapabilities":"","supportsPortrait":"false","supportsLandscape":"true","primaryFormFactor":"Tablet","publisherVersion":"3.21061.19","minimumRequiredApiVersion":"2.2.0","hasComponent":"true","hasUnlockedComponent":"true","isUnifiedRootApp":"false"}</Tags>
      <IsCdsUpgraded>0</IsCdsUpgraded>
      <GalleryItemId xsi:nil="true"></GalleryItemId>
      <BackgroundColor>rgba(76, 74, 72, 1)</BackgroundColor>
      <DisplayName>Icon Menu Builder</DisplayName>
      <Description>Icon Menu Builderr for PowerApps</Description>
      <CommitMessage xsi:nil="true"></CommitMessage>
      <Publisher></Publisher>
      <AuthorizationReferences>[]</AuthorizationReferences>
      <ConnectionReferences>{"2a26db54-4005-4dc0-ae4d-82c2d61f5f92":{"id":"/providers/microsoft.powerapps/apis/shared_office365users","displayName":"Office 365 Users","iconUri":"https://connectoricons-prod.azureedge.net/releases/v1.0.1472/1.0.1472.2427/office365users/icon.png","dataSources":["Office365Users"],"dependencies":[],"dependents":[],"parameterHints":{},"isOnPremiseConnection":false,"bypassConsent":false,"dataSets":{},"apiTier":"Standard"},"f383c7c8-31da-4f03-a987-89cc487b181c":{"id":"/providers/microsoft.powerapps/apis/shared_powerappsforappmakers","displayName":"Power Apps for Makers","iconUri":"https://connectoricons-prod.azureedge.net/releases/v1.0.1462/1.0.1462.2398/powerappsforappmakers/icon.png","dataSources":["PowerAppsforMakers"],"dependencies":[],"dependents":[],"parameterHints":{},"isOnPremiseConnection":false,"bypassConsent":false,"dataSets":{},"apiTier":"Standard"},"f4f5a2fc-a4c2-4389-a6b6-46367a8367ad":{"id":"/providers/microsoft.powerapps/apis/shared_sharepointonline","displayName":"SharePoint","iconUri":"https://connectoricons-prod.azureedge.net/releases/v1.0.1472/1.0.1472.2427/sharepointonline/icon.png","dataSources":["MyFavouriteIcons","MyMenus","MyMenuItems"],"dependencies":[],"dependents":[],"parameterHints":{},"isOnPremiseConnection":false,"bypassConsent":false,"dataSets":{"https://pensplace.sharepoint.com/sites/IconMenuBuilder":{"datasetOverride":{"name":"https://pensplace.sharepoint.com/sites/IconMenuBuilder","environmentVariableName":"pp_SharePointURL"},"dataSources":{"MyFavouriteIcons":{"tableName":"a628b682-5bf2-4ce1-b62b-bcc0158978f2","tableNameOverride":{"environmentVariableName":"new_shared_sharepointonline_b3d817f9ce924478bda4b33556b09f5e"}},"MyMenus":{"tableName":"42c96d51-056f-4390-bf63-fed120a7b4c6","tableNameOverride":{"environmentVariableName":"new_shared_sharepointonline_6bde46b23fc0440cb95fb23af51d29ff"}},"MyMenuItems":{"tableName":"fce409c7-f656-4ecd-b992-b3697b446d4b","tableNameOverride":{"environmentVariableName":"new_shared_sharepointonline_50779c7c9339487aa389e42a15cd43cf"}}}}},"apiTier":"Standard"}}</ConnectionReferences>
      <DatabaseReferences>{"default.cds":{"databaseDetails":{"referenceType":"Environmental","environmentName":"default.cds","overrideValues":{"status":"NotSpecified"}},"dataSources":{}}}</DatabaseReferences>
      <AppComponents>[]</AppComponents>
      <AppComponentDependencies>[]</AppComponentDependencies>
      <CanvasAppType>0</CanvasAppType>
      <BypassConsent>0</BypassConsent>
      <AdminControlBypassConsent>0</AdminControlBypassConsent>
      <EmbeddedApp xsi:nil="true"></EmbeddedApp>
      <IntroducedVersion>1.0</IntroducedVersion>
      <CdsDependencies>{"cdsdependencies":[{"logicalname":"pp_SharePointURL","componenttype":380},{"logicalname":"new_shared_sharepointonline_b3d817f9ce924478bda4b33556b09f5e","componenttype":380},{"logicalname":"new_shared_sharepointonline_6bde46b23fc0440cb95fb23af51d29ff","componenttype":380},{"logicalname":"new_shared_sharepointonline_50779c7c9339487aa389e42a15cd43cf","componenttype":380}]}</CdsDependencies>
      <IsCustomizable>1</IsCustomizable>
      <BackgroundImageUri>/CanvasApps/pp_iconmenubuilder_4fae2_BackgroundImageUri</BackgroundImageUri>
      <DocumentUri>/CanvasApps/pp_iconmenubuilder_4fae2_DocumentUri.msapp</DocumentUri>
    </CanvasApp>
  </CanvasApps>
  <connectionreferences>
    <connectionreference connectionreferencelogicalname="pp_sharedsharepointonline_b431b">
      <connectionreferencedisplayname>SharePoint</connectionreferencedisplayname>
      <connectorid>/providers/Microsoft.PowerApps/apis/shared_sharepointonline</connectorid>
      <iscustomizable>1</iscustomizable>
      <statecode>0</statecode>
      <statuscode>1</statuscode>
    </connectionreference>
  </connectionreferences>
  <Languages>
    <Language>1033</Language>
  </Languages>
</ImportExportXml>