<environmentvariabledefinition schemaname="new_shared_sharepointonline_50779c7c9339487aa389e42a15cd43cf">
  <apiid>/providers/microsoft.powerapps/apis/shared_sharepointonline</apiid>
  <displayname default="MyMenuItems">
    <label description="MyMenuItems" languagecode="1033" />
  </displayname>
  <introducedversion>1.0</introducedversion>
  <iscustomizable>1</iscustomizable>
  <isrequired>0</isrequired>
  <parameterkey>table</parameterkey>
  <parentdefinitionid>
    <schemaname>pp_SharePointURL</schemaname>
  </parentdefinitionid>
  <type>100000004</type>
</environmentvariabledefinition>