<manifest><control namespace="PensPlace" constructor="ColorPicker" version="0.0.1" display-name-key="ColorPicker" description-key="ColorPicker description" control-type="standard" api-version="1.3.3"><property name="inputValue" display-name-key="Input Text" description-key="Select the input text for the control" of-type="SingleLine.Text" usage="bound" required="true" /><property name="defaultColor" display-name-key="Default Color" description-key="Default color for the picker, must be in hex format (eg: #ffffff)." of-type="SingleLine.Text" usage="input" required="true" default-value="#ffffff" /><resources><code path="bundle.js" order="1" /></resources><built-by name="pac" version="1.10.4" /></control></manifest>