<environmentvariabledefinition schemaname="new_shared_sharepointonline_b3d817f9ce924478bda4b33556b09f5e">
  <apiid>/providers/microsoft.powerapps/apis/shared_sharepointonline</apiid>
  <displayname default="MyFavouriteIcons">
    <label description="MyFavouriteIcons" languagecode="1033" />
  </displayname>
  <introducedversion>1.0</introducedversion>
  <iscustomizable>1</iscustomizable>
  <isrequired>0</isrequired>
  <parameterkey>table</parameterkey>
  <parentdefinitionid>
    <schemaname>pp_SharePointURL</schemaname>
  </parentdefinitionid>
  <type>100000004</type>
</environmentvariabledefinition>