<environmentvariabledefinition schemaname="new_shared_sharepointonline_6bde46b23fc0440cb95fb23af51d29ff">
  <apiid>/providers/microsoft.powerapps/apis/shared_sharepointonline</apiid>
  <displayname default="MyMenus">
    <label description="MyMenus" languagecode="1033" />
  </displayname>
  <introducedversion>1.0</introducedversion>
  <iscustomizable>1</iscustomizable>
  <isrequired>0</isrequired>
  <parameterkey>table</parameterkey>
  <parentdefinitionid>
    <schemaname>pp_SharePointURL</schemaname>
  </parentdefinitionid>
  <type>100000004</type>
</environmentvariabledefinition>