<environmentvariabledefinition schemaname="pp_shared_sharepointonline_146f027e2e094f9c9fcee6502199493c">
  <apiid>/providers/microsoft.powerapps/apis/shared_sharepointonline</apiid>
  <displayname default="MyFavouriteIcons">
    <label description="MyFavouriteIcons" languagecode="1033" />
  </displayname>
  <introducedversion>1.0.0.0</introducedversion>
  <iscustomizable>1</iscustomizable>
  <isrequired>0</isrequired>
  <parameterkey>table</parameterkey>
  <parentdefinitionid>
    <schemaname>pp_shared_sharepointonline_888f38951c974d96bbfe411d83cb82c2</schemaname>
  </parentdefinitionid>
  <secretstore>0</secretstore>
  <type>100000004</type>
</environmentvariabledefinition>