<ImportExportXml xmlns:xsi="http://www.w3.org/2001/XMLSchema-instance">
  <Entities></Entities>
  <Roles></Roles>
  <Workflows></Workflows>
  <FieldSecurityProfiles></FieldSecurityProfiles>
  <Templates />
  <EntityMaps />
  <EntityRelationships />
  <OrganizationSettings />
  <optionsets />
  <CustomControls>
    <CustomControl>
      <Name>tbag_CanvizLLCPCF.PCFCopyTextComponent</Name>
      <FileName>/Controls/tbag_CanvizLLCPCF.PCFCopyTextComponent/ControlManifest.xml</FileName>
    </CustomControl>
    <CustomControl>
      <Name>raw_RAW.ColorPicker.ColorPicker</Name>
      <FileName>/Controls/raw_RAW.ColorPicker.ColorPicker/ControlManifest.xml</FileName>
    </CustomControl>
    <CustomControl>
      <Name>raw_RAW.CanvasFileDownloader</Name>
      <FileName>/Controls/raw_RAW.CanvasFileDownloader/ControlManifest.xml</FileName>
    </CustomControl>
  </CustomControls>
  <EntityDataProviders />
  <CanvasApps>
    <CanvasApp>
      <Name>pp_iconmenubuilderv2_007f7</Name>
      <AppVersion>2022-01-11T00:14:38Z</AppVersion>
      <Status>Ready</Status>
      <CreatedByClientVersion>3.21115.37.0</CreatedByClientVersion>
      <MinClientVersion>3.21115.37.0</MinClientVersion>
      <Tags>{"primaryDeviceWidth":"2019","primaryDeviceHeight":"1209","sienaVersion":"3b1065d8-ad5a-4621-a9d7-69e3b1b797e3","deviceCapabilities":"","supportsPortrait":"false","supportsLandscape":"true","primaryFormFactor":"Tablet","publisherVersion":"3.21115.37","minimumRequiredApiVersion":"2.2.0","hasComponent":"true","hasUnlockedComponent":"true","isUnifiedRootApp":"false"}</Tags>
      <IsCdsUpgraded>0</IsCdsUpgraded>
      <GalleryItemId xsi:nil="true"></GalleryItemId>
      <BackgroundColor>rgba(8, 8, 1, 1)</BackgroundColor>
      <DisplayName>Icon Menu Builder v2</DisplayName>
      <Description xsi:nil="true"></Description>
      <CommitMessage xsi:nil="true"></CommitMessage>
      <Publisher xsi:nil="true"></Publisher>
      <AuthorizationReferences>[]</AuthorizationReferences>
      <ConnectionReferences>{"d21e5185-e5e5-450a-a7d6-4b99ace87701":{"id":"/providers/microsoft.powerapps/apis/shared_sharepointonline","displayName":"SharePoint","iconUri":"https://connectoricons-prod.azureedge.net/releases/v1.0.1539/1.0.1539.2620/sharepointonline/icon.png","dataSources":["MyFavouriteIcons","MyMenuItems","MyMenus"],"dependencies":[],"dependents":[],"parameterHints":{},"parameterHintsV2":{},"isOnPremiseConnection":false,"bypassConsent":false,"dataSets":{"https://pensplace.sharepoint.com/sites/IconMenuBuilder":{"datasetOverride":{"name":"https://pensplace.sharepoint.com/sites/IconMenuBuilder","environmentVariableName":"pp_shared_sharepointonline_c5864d24f9344856878c9f7fbc7c67db"},"dataSources":{"MyFavouriteIcons":{"tableName":"a628b682-5bf2-4ce1-b62b-bcc0158978f2","tableNameOverride":{"name":"a628b682-5bf2-4ce1-b62b-bcc0158978f2","environmentVariableName":"pp_shared_sharepointonline_99e1fe16fb864365a1c4eb0af81bec5d"}},"MyMenuItems":{"tableName":"fce409c7-f656-4ecd-b992-b3697b446d4b","tableNameOverride":{"name":"fce409c7-f656-4ecd-b992-b3697b446d4b","environmentVariableName":"pp_shared_sharepointonline_8319f2df4f8c4ca9977736c02eebdc1c"}},"MyMenus":{"tableName":"42c96d51-056f-4390-bf63-fed120a7b4c6","tableNameOverride":{"name":"42c96d51-056f-4390-bf63-fed120a7b4c6","environmentVariableName":"pp_shared_sharepointonline_4fdc2dd7ecbf4ec1ac195c4e5b211aa3"}}}}},"apiTier":"Standard","actions":["providers/PowerPlatform.Governance/Operations/Read","providers/PowerPlatform.Governance/Operations/Delete"]}}</ConnectionReferences>
      <DatabaseReferences>{"default.cds":{"databaseDetails":{"referenceType":"Environmental","environmentName":"default.cds","overrideValues":{"status":"NotSpecified"}},"dataSources":{},"components":[{"componentName":"CustomControl","identifier":"tbag_CanvizLLCPCF.PCFCopyTextComponent","identifierType":"LogicalName","capabilities":{"pcfExternalServiceUsageAllowed":false}},{"componentName":"CustomControl","identifier":"raw_RAW.ColorPicker.ColorPicker","identifierType":"LogicalName","capabilities":{"pcfExternalServiceUsageAllowed":false}},{"componentName":"CustomControl","identifier":"raw_RAW.ColorPicker.ColorPicker","identifierType":"LogicalName","capabilities":{"pcfExternalServiceUsageAllowed":false}},{"componentName":"CustomControl","identifier":"raw_RAW.CanvasFileDownloader","identifierType":"LogicalName","capabilities":{"pcfExternalServiceUsageAllowed":false}},{"componentName":"CustomControl","identifier":"tbag_CanvizLLCPCF.PCFCopyTextComponent","identifierType":"LogicalName","capabilities":{"pcfExternalServiceUsageAllowed":false}}]}}</DatabaseReferences>
      <AppComponents>[]</AppComponents>
      <AppComponentDependencies>[]</AppComponentDependencies>
      <CanConsumeAppPass>1</CanConsumeAppPass>
      <CanvasAppType>0</CanvasAppType>
      <BypassConsent>0</BypassConsent>
      <AdminControlBypassConsent>0</AdminControlBypassConsent>
      <EmbeddedApp xsi:nil="true"></EmbeddedApp>
      <IntroducedVersion>1.0</IntroducedVersion>
      <CdsDependencies>{"cdsdependencies":[{"dependencyid":"","logicalname":"tbag_CanvizLLCPCF.PCFCopyTextComponent","componenttype":66,"componenttypeplatformname":"CustomControl"},{"dependencyid":"","logicalname":"raw_RAW.ColorPicker.ColorPicker","componenttype":66,"componenttypeplatformname":"CustomControl"},{"dependencyid":"","logicalname":"raw_RAW.ColorPicker.ColorPicker","componenttype":66,"componenttypeplatformname":"CustomControl"},{"dependencyid":"","logicalname":"raw_RAW.CanvasFileDownloader","componenttype":66,"componenttypeplatformname":"CustomControl"},{"dependencyid":"","logicalname":"tbag_CanvizLLCPCF.PCFCopyTextComponent","componenttype":66,"componenttypeplatformname":"CustomControl"},{"logicalname":"pp_shared_sharepointonline_c5864d24f9344856878c9f7fbc7c67db","componenttype":380,"componenttypeplatformname":"EnvironmentVariableDefinition"},{"logicalname":"pp_shared_sharepointonline_99e1fe16fb864365a1c4eb0af81bec5d","componenttype":380,"componenttypeplatformname":"EnvironmentVariableDefinition"},{"logicalname":"pp_shared_sharepointonline_8319f2df4f8c4ca9977736c02eebdc1c","componenttype":380,"componenttypeplatformname":"EnvironmentVariableDefinition"},{"logicalname":"pp_shared_sharepointonline_4fdc2dd7ecbf4ec1ac195c4e5b211aa3","componenttype":380,"componenttypeplatformname":"EnvironmentVariableDefinition"}]}</CdsDependencies>
      <IsCustomizable>1</IsCustomizable>
      <BackgroundImageUri>/CanvasApps/pp_iconmenubuilderv2_007f7_BackgroundImageUri</BackgroundImageUri>
      <DocumentUri>/CanvasApps/pp_iconmenubuilderv2_007f7_DocumentUri.msapp</DocumentUri>
    </CanvasApp>
  </CanvasApps>
  <Languages>
    <Language>1033</Language>
  </Languages>
</ImportExportXml>