<?xml version="1.0" encoding="UTF-8" standalone="yes"?>
<manifest>
  <control namespace="RAW" constructor="CanvasFileUploader" version="0.0.10" display-name-key="RAW! Canvas File Uploader" description-key="Allows you to upload a file to a Canvas app and get the data Url and Text" control-type="standard" api-version="1.2.3">
    <property name="acceptedFileTypes" display-name-key="Accepted File Type(s)" description-key="Provide a comma separated list of files types you will alllow the user to pick from. (eg: .gif, .jpg, .png, .doc)" of-type="SingleLine.Text" usage="input" required="false"/>
    <property name="triggerFileSelector" display-name-key="Trigger File Selector" description-key="Setting this value to true will open the file selector.  When used in conjunction with a toggle control you utilize the controls functionality without actually displaying it to the user." of-type="TwoOptions" usage="bound" required="true" default-value="false"/>
    <property name="outputType" display-name-key="Output Type" description-key="Determines the output type that the file uploader will return." of-type="Enum" usage="input" required="true" default-value="DataUrl">
      <value name="DataUrl" display-name-key="Data Url" description-key="File will be returned as a Data Url encoded in base64">DataUrl</value>
      <value name="Text" display-name-key="Text" description-key="The text of the file will be returned.">Text</value>
    </property>
    <property name="value" display-name-key="Value" description-key="The value of the file after it has been processed." of-type="Multiple" usage="output" required="false"/>
    <property name="fileName" display-name-key="File Name" description-key="The file name that you selected" of-type="SingleLine.Text" usage="output" required="false"/>
    <resources>
      <code path="bundle.js" order="1"/>
    </resources>
    <built-by name="pac" version="1.3.1"/>
  </control>
</manifest>