{"properties":{"connectionReferences":{"shared_sharepointonline_1":{"runtimeSource":"invoker","connection":{"connectionReferenceLogicalName":"pp_sharedsharepointonline_b431b"},"api":{"name":"shared_sharepointonline"}}},"definition":{"$schema":"https://schema.management.azure.com/providers/Microsoft.Logic/schemas/2016-06-01/workflowdefinition.json#","contentVersion":"1.0.0.0","parameters":{"$connections":{"defaultValue":{},"type":"Object"},"$authentication":{"defaultValue":{},"type":"SecureObject"},"SharePoint URL":{"defaultValue":"https://inspectplus.sharepoint.com/sites/IconMenuBuilder","type":"String","metadata":{"schemaName":"pp_SharePointURL"}}},"triggers":{"manual":{"type":"Request","kind":"Button","inputs":{"schema":{"type":"object","properties":{},"required":[]}}}},"actions":{"MyMenus":{"actions":{"Send_MyMenus_List":{"runAfter":{},"type":"OpenApiConnection","inputs":{"host":{"connectionName":"shared_sharepointonline_1","operationId":"HttpRequest","apiId":"/providers/Microsoft.PowerApps/apis/shared_sharepointonline"},"parameters":{"dataset":"@parameters('SharePoint URL')","parameters/method":"POST","parameters/uri":"/_api/web/lists","parameters/headers":{"Accept":"application/json;odata=verbose","Content-Type":"application/json;odata=verbose"},"parameters/body":"{\n  \"__metadata\": {\"type\": \"SP.List\"},\n  \"AllowContentTypes\": true,\n  \"BaseTemplate\": 100,\n \"Description\": \"This list stores my saved menus\",\n \"Title\": \"MyMenus\"\n}"},"authentication":{"type":"Raw","value":"@json(decodeBase64(triggerOutputs().headers['X-MS-APIM-Tokens']))['$ConnectionKey']"}}},"Parse_MyMenus_List":{"runAfter":{"Send_MyMenus_List":["Succeeded"]},"type":"ParseJson","inputs":{"content":"@outputs('Send_MyMenus_List')?['body']","schema":{"type":"object","properties":{"d":{"type":"object","properties":{"__metadata":{"type":"object","properties":{"id":{"type":"string"},"uri":{"type":"string"},"etag":{"type":"string"},"type":{"type":"string"}}},"FirstUniqueAncestorSecurableObject":{"type":"object","properties":{"__deferred":{"type":"object","properties":{"uri":{"type":"string"}}}}},"RoleAssignments":{"type":"object","properties":{"__deferred":{"type":"object","properties":{"uri":{"type":"string"}}}}},"Author":{"type":"object","properties":{"__deferred":{"type":"object","properties":{"uri":{"type":"string"}}}}},"ContentTypes":{"type":"object","properties":{"__deferred":{"type":"object","properties":{"uri":{"type":"string"}}}}},"CreatablesInfo":{"type":"object","properties":{"__deferred":{"type":"object","properties":{"uri":{"type":"string"}}}}},"DefaultView":{"type":"object","properties":{"__deferred":{"type":"object","properties":{"uri":{"type":"string"}}}}},"DescriptionResource":{"type":"object","properties":{"__deferred":{"type":"object","properties":{"uri":{"type":"string"}}}}},"EventReceivers":{"type":"object","properties":{"__deferred":{"type":"object","properties":{"uri":{"type":"string"}}}}},"Fields":{"type":"object","properties":{"__deferred":{"type":"object","properties":{"uri":{"type":"string"}}}}},"Forms":{"type":"object","properties":{"__deferred":{"type":"object","properties":{"uri":{"type":"string"}}}}},"InformationRightsManagementSettings":{"type":"object","properties":{"__deferred":{"type":"object","properties":{"uri":{"type":"string"}}}}},"Items":{"type":"object","properties":{"__deferred":{"type":"object","properties":{"uri":{"type":"string"}}}}},"ParentWeb":{"type":"object","properties":{"__deferred":{"type":"object","properties":{"uri":{"type":"string"}}}}},"RootFolder":{"type":"object","properties":{"__deferred":{"type":"object","properties":{"uri":{"type":"string"}}}}},"Subscriptions":{"type":"object","properties":{"__deferred":{"type":"object","properties":{"uri":{"type":"string"}}}}},"TitleResource":{"type":"object","properties":{"__deferred":{"type":"object","properties":{"uri":{"type":"string"}}}}},"UserCustomActions":{"type":"object","properties":{"__deferred":{"type":"object","properties":{"uri":{"type":"string"}}}}},"Views":{"type":"object","properties":{"__deferred":{"type":"object","properties":{"uri":{"type":"string"}}}}},"WorkflowAssociations":{"type":"object","properties":{"__deferred":{"type":"object","properties":{"uri":{"type":"string"}}}}},"AllowContentTypes":{"type":"boolean"},"BaseTemplate":{"type":"integer"},"BaseType":{"type":"integer"},"ContentTypesEnabled":{"type":"boolean"},"CrawlNonDefaultViews":{"type":"boolean"},"Created":{"type":"string"},"CurrentChangeToken":{"type":"object","properties":{"__metadata":{"type":"object","properties":{"type":{"type":"string"}}},"StringValue":{"type":"string"}}},"DefaultContentApprovalWorkflowId":{"type":"string"},"DefaultItemOpenUseListSetting":{"type":"boolean"},"Description":{"type":"string"},"Direction":{"type":"string"},"DisableCommenting":{"type":"boolean"},"DisableGridEditing":{"type":"boolean"},"DocumentTemplateUrl":{},"DraftVersionVisibility":{"type":"integer"},"EnableAttachments":{"type":"boolean"},"EnableFolderCreation":{"type":"boolean"},"EnableMinorVersions":{"type":"boolean"},"EnableModeration":{"type":"boolean"},"EnableRequestSignOff":{"type":"boolean"},"EnableVersioning":{"type":"boolean"},"EntityTypeName":{"type":"string"},"ExemptFromBlockDownloadOfNonViewableFiles":{"type":"boolean"},"FileSavePostProcessingEnabled":{"type":"boolean"},"ForceCheckout":{"type":"boolean"},"HasExternalDataSource":{"type":"boolean"},"Hidden":{"type":"boolean"},"Id":{"type":"string"},"ImagePath":{"type":"object","properties":{"__metadata":{"type":"object","properties":{"type":{"type":"string"}}},"DecodedUrl":{"type":"string"}}},"ImageUrl":{"type":"string"},"IrmEnabled":{"type":"boolean"},"IrmExpire":{"type":"boolean"},"IrmReject":{"type":"boolean"},"IsApplicationList":{"type":"boolean"},"IsCatalog":{"type":"boolean"},"IsPrivate":{"type":"boolean"},"ItemCount":{"type":"integer"},"LastItemDeletedDate":{"type":"string"},"LastItemModifiedDate":{"type":"string"},"LastItemUserModifiedDate":{"type":"string"},"ListExperienceOptions":{"type":"integer"},"ListItemEntityTypeFullName":{"type":"string"},"MajorVersionLimit":{"type":"integer"},"MajorWithMinorVersionsLimit":{"type":"integer"},"MultipleDataList":{"type":"boolean"},"NoCrawl":{"type":"boolean"},"ParentWebPath":{"type":"object","properties":{"__metadata":{"type":"object","properties":{"type":{"type":"string"}}},"DecodedUrl":{"type":"string"}}},"ParentWebUrl":{"type":"string"},"ParserDisabled":{"type":"boolean"},"ServerTemplateCanCreateFolders":{"type":"boolean"},"TemplateFeatureId":{"type":"string"},"Title":{"type":"string"}}}}}}},"Create_DarkColor":{"runAfter":{"Parse_MyMenus_List":["Succeeded"]},"type":"OpenApiConnection","inputs":{"host":{"connectionName":"shared_sharepointonline_1","operationId":"HttpRequest","apiId":"/providers/Microsoft.PowerApps/apis/shared_sharepointonline"},"parameters":{"dataset":"@parameters('SharePoint URL')","parameters/method":"POST","parameters/uri":"_api/lists/getbytitle('MyMenus')/fields","parameters/headers":{"accept":"application/json;odata=verbose","content-type":"application/json;odata=verbose"},"parameters/body":"{\n    '__metadata': {'type':'SP.Field', 'addToDefaultView': 'true' },\n    'FieldTypeKind': 2,\n    'Title': 'DarkColor'\n}"},"authentication":{"type":"Raw","value":"@json(decodeBase64(triggerOutputs().headers['X-MS-APIM-Tokens']))['$ConnectionKey']"}}},"Apply_to_each_2":{"foreach":"@variables('MyMenusColumns')","actions":{"Send_an_HTTP_request_to_SharePoint_2":{"runAfter":{},"type":"OpenApiConnection","inputs":{"host":{"connectionName":"shared_sharepointonline_1","operationId":"HttpRequest","apiId":"/providers/Microsoft.PowerApps/apis/shared_sharepointonline"},"parameters":{"dataset":"@parameters('SharePoint URL')","parameters/method":"POST","parameters/uri":"_api/web/Lists/getByTitle('MyMenus')/views/GetByTitle('All%20Items')/ViewFields/AddViewField('@{items('Apply_to_each_2')}')"},"authentication":{"type":"Raw","value":"@json(decodeBase64(triggerOutputs().headers['X-MS-APIM-Tokens']))['$ConnectionKey']"}}}},"runAfter":{"Create_CreatorEmail":["Succeeded"]},"type":"Foreach"},"Create_LightColor":{"runAfter":{"Create_DarkColor":["Succeeded"]},"type":"OpenApiConnection","inputs":{"host":{"connectionName":"shared_sharepointonline_1","operationId":"HttpRequest","apiId":"/providers/Microsoft.PowerApps/apis/shared_sharepointonline"},"parameters":{"dataset":"@parameters('SharePoint URL')","parameters/method":"POST","parameters/uri":"_api/lists/getbytitle('MyMenus')/fields","parameters/headers":{"accept":"application/json;odata=verbose","content-type":"application/json;odata=verbose"},"parameters/body":"{\n    '__metadata': {'type':'SP.Field', 'addToDefaultView': 'true' },\n    'FieldTypeKind': 2,\n    'Title': 'LightColor'\n}"},"authentication":{"type":"Raw","value":"@json(decodeBase64(triggerOutputs().headers['X-MS-APIM-Tokens']))['$ConnectionKey']"}}},"Create_CreatorEmail":{"runAfter":{"Create_LightColor":["Succeeded"]},"type":"OpenApiConnection","inputs":{"host":{"connectionName":"shared_sharepointonline_1","operationId":"HttpRequest","apiId":"/providers/Microsoft.PowerApps/apis/shared_sharepointonline"},"parameters":{"dataset":"@parameters('SharePoint URL')","parameters/method":"POST","parameters/uri":"_api/lists/getbytitle('MyMenus')/fields","parameters/headers":{"accept":"application/json;odata=verbose","content-type":"application/json;odata=verbose"},"parameters/body":"{\n    '__metadata': {'type':'SP.Field', 'addToDefaultView': 'true' },\n    'FieldTypeKind': 2,\n    'Title': 'CreatorEmail'\n}"},"authentication":{"type":"Raw","value":"@json(decodeBase64(triggerOutputs().headers['X-MS-APIM-Tokens']))['$ConnectionKey']"}}}},"runAfter":{"Initialize_MyFavouriteIcons":["Succeeded"]},"type":"Scope"},"MyMenuItems":{"actions":{"Send_MyMenuItems":{"runAfter":{},"type":"OpenApiConnection","inputs":{"host":{"connectionName":"shared_sharepointonline_1","operationId":"HttpRequest","apiId":"/providers/Microsoft.PowerApps/apis/shared_sharepointonline"},"parameters":{"dataset":"@parameters('SharePoint URL')","parameters/method":"POST","parameters/uri":"/_api/web/lists","parameters/headers":{"Accept":"application/json;odata=verbose","Content-Type":"application/json;odata=verbose"},"parameters/body":"{\n  \"__metadata\": {\"type\": \"SP.List\"},\n  \"AllowContentTypes\": true,\n  \"BaseTemplate\": 100,\n \"Description\": \"This list stores the desk info\",\n \"Title\": \"MyMenuItems\"\n}"},"authentication":{"type":"Raw","value":"@json(decodeBase64(triggerOutputs().headers['X-MS-APIM-Tokens']))['$ConnectionKey']"}}},"Parse_MyMenuItems_List":{"runAfter":{"Send_MyMenuItems":["Succeeded"]},"type":"ParseJson","inputs":{"content":"@outputs('Send_MyMenuItems')?['body']","schema":{"type":"object","properties":{"d":{"type":"object","properties":{"__metadata":{"type":"object","properties":{"id":{"type":"string"},"uri":{"type":"string"},"etag":{"type":"string"},"type":{"type":"string"}}},"FirstUniqueAncestorSecurableObject":{"type":"object","properties":{"__deferred":{"type":"object","properties":{"uri":{"type":"string"}}}}},"RoleAssignments":{"type":"object","properties":{"__deferred":{"type":"object","properties":{"uri":{"type":"string"}}}}},"Author":{"type":"object","properties":{"__deferred":{"type":"object","properties":{"uri":{"type":"string"}}}}},"ContentTypes":{"type":"object","properties":{"__deferred":{"type":"object","properties":{"uri":{"type":"string"}}}}},"CreatablesInfo":{"type":"object","properties":{"__deferred":{"type":"object","properties":{"uri":{"type":"string"}}}}},"DefaultView":{"type":"object","properties":{"__deferred":{"type":"object","properties":{"uri":{"type":"string"}}}}},"DescriptionResource":{"type":"object","properties":{"__deferred":{"type":"object","properties":{"uri":{"type":"string"}}}}},"EventReceivers":{"type":"object","properties":{"__deferred":{"type":"object","properties":{"uri":{"type":"string"}}}}},"Fields":{"type":"object","properties":{"__deferred":{"type":"object","properties":{"uri":{"type":"string"}}}}},"Forms":{"type":"object","properties":{"__deferred":{"type":"object","properties":{"uri":{"type":"string"}}}}},"InformationRightsManagementSettings":{"type":"object","properties":{"__deferred":{"type":"object","properties":{"uri":{"type":"string"}}}}},"Items":{"type":"object","properties":{"__deferred":{"type":"object","properties":{"uri":{"type":"string"}}}}},"ParentWeb":{"type":"object","properties":{"__deferred":{"type":"object","properties":{"uri":{"type":"string"}}}}},"RootFolder":{"type":"object","properties":{"__deferred":{"type":"object","properties":{"uri":{"type":"string"}}}}},"Subscriptions":{"type":"object","properties":{"__deferred":{"type":"object","properties":{"uri":{"type":"string"}}}}},"TitleResource":{"type":"object","properties":{"__deferred":{"type":"object","properties":{"uri":{"type":"string"}}}}},"UserCustomActions":{"type":"object","properties":{"__deferred":{"type":"object","properties":{"uri":{"type":"string"}}}}},"Views":{"type":"object","properties":{"__deferred":{"type":"object","properties":{"uri":{"type":"string"}}}}},"WorkflowAssociations":{"type":"object","properties":{"__deferred":{"type":"object","properties":{"uri":{"type":"string"}}}}},"AllowContentTypes":{"type":"boolean"},"BaseTemplate":{"type":"integer"},"BaseType":{"type":"integer"},"ContentTypesEnabled":{"type":"boolean"},"CrawlNonDefaultViews":{"type":"boolean"},"Created":{"type":"string"},"CurrentChangeToken":{"type":"object","properties":{"__metadata":{"type":"object","properties":{"type":{"type":"string"}}},"StringValue":{"type":"string"}}},"DefaultContentApprovalWorkflowId":{"type":"string"},"DefaultItemOpenUseListSetting":{"type":"boolean"},"Description":{"type":"string"},"Direction":{"type":"string"},"DisableCommenting":{"type":"boolean"},"DisableGridEditing":{"type":"boolean"},"DocumentTemplateUrl":{},"DraftVersionVisibility":{"type":"integer"},"EnableAttachments":{"type":"boolean"},"EnableFolderCreation":{"type":"boolean"},"EnableMinorVersions":{"type":"boolean"},"EnableModeration":{"type":"boolean"},"EnableRequestSignOff":{"type":"boolean"},"EnableVersioning":{"type":"boolean"},"EntityTypeName":{"type":"string"},"ExemptFromBlockDownloadOfNonViewableFiles":{"type":"boolean"},"FileSavePostProcessingEnabled":{"type":"boolean"},"ForceCheckout":{"type":"boolean"},"HasExternalDataSource":{"type":"boolean"},"Hidden":{"type":"boolean"},"Id":{"type":"string"},"ImagePath":{"type":"object","properties":{"__metadata":{"type":"object","properties":{"type":{"type":"string"}}},"DecodedUrl":{"type":"string"}}},"ImageUrl":{"type":"string"},"IrmEnabled":{"type":"boolean"},"IrmExpire":{"type":"boolean"},"IrmReject":{"type":"boolean"},"IsApplicationList":{"type":"boolean"},"IsCatalog":{"type":"boolean"},"IsPrivate":{"type":"boolean"},"ItemCount":{"type":"integer"},"LastItemDeletedDate":{"type":"string"},"LastItemModifiedDate":{"type":"string"},"LastItemUserModifiedDate":{"type":"string"},"ListExperienceOptions":{"type":"integer"},"ListItemEntityTypeFullName":{"type":"string"},"MajorVersionLimit":{"type":"integer"},"MajorWithMinorVersionsLimit":{"type":"integer"},"MultipleDataList":{"type":"boolean"},"NoCrawl":{"type":"boolean"},"ParentWebPath":{"type":"object","properties":{"__metadata":{"type":"object","properties":{"type":{"type":"string"}}},"DecodedUrl":{"type":"string"}}},"ParentWebUrl":{"type":"string"},"ParserDisabled":{"type":"boolean"},"ServerTemplateCanCreateFolders":{"type":"boolean"},"TemplateFeatureId":{"type":"string"},"Title":{"type":"string"}}}}}}},"Create_Menu_Lookup_Column":{"runAfter":{"Parse_MyMenuItems_List":["Succeeded"]},"type":"OpenApiConnection","inputs":{"host":{"connectionName":"shared_sharepointonline_1","operationId":"HttpRequest","apiId":"/providers/Microsoft.PowerApps/apis/shared_sharepointonline"},"parameters":{"dataset":"@parameters('SharePoint URL')","parameters/method":"POST","parameters/uri":"_api/web/lists(guid'@{body('Parse_MyMenuItems_List')?['d']?['Id']}')/fields/addfield","parameters/headers":{"accept":"application/json;odata=verbose","content-type":"application/json;odata=verbose"},"parameters/body":"{ 'parameters': { '__metadata': { 'type': 'SP.FieldCreationInformation' }, 'FieldTypeKind': 7,\n    'Title': 'Menu', 'LookupListId': '@{body('Parse_MyMenus_List')?['d']?['Id']}',\n    'LookupFieldName': 'Title' } }"},"authentication":{"type":"Raw","value":"@json(decodeBase64(triggerOutputs().headers['X-MS-APIM-Tokens']))['$ConnectionKey']"}}},"Parse_JSON":{"runAfter":{"Create_Menu_Lookup_Column":["Succeeded"]},"type":"ParseJson","inputs":{"content":"@outputs('Create_Menu_Lookup_Column')?['body']","schema":{"type":"object","properties":{"d":{"type":"object","properties":{"__metadata":{"type":"object","properties":{"id":{"type":"string"},"uri":{"type":"string"},"type":{"type":"string"}}},"DescriptionResource":{"type":"object","properties":{"__deferred":{"type":"object","properties":{"uri":{"type":"string"}}}}},"TitleResource":{"type":"object","properties":{"__deferred":{"type":"object","properties":{"uri":{"type":"string"}}}}},"AutoIndexed":{"type":"boolean"},"CanBeDeleted":{"type":"boolean"},"ClientSideComponentId":{"type":"string"},"ClientSideComponentProperties":{},"ClientValidationFormula":{},"ClientValidationMessage":{},"CustomFormatter":{},"DefaultFormula":{},"DefaultValue":{},"Description":{"type":"string"},"Direction":{"type":"string"},"EnforceUniqueValues":{"type":"boolean"},"EntityPropertyName":{"type":"string"},"Filterable":{"type":"boolean"},"FromBaseType":{"type":"boolean"},"Group":{"type":"string"},"Hidden":{"type":"boolean"},"Id":{"type":"string"},"Indexed":{"type":"boolean"},"IndexStatus":{"type":"integer"},"InternalName":{"type":"string"},"IsModern":{"type":"boolean"},"JSLink":{"type":"string"},"PinnedToFiltersPane":{"type":"boolean"},"ReadOnlyField":{"type":"boolean"},"Required":{"type":"boolean"},"SchemaXml":{"type":"string"},"Scope":{"type":"string"},"Sealed":{"type":"boolean"},"ShowInFiltersPane":{"type":"integer"},"Sortable":{"type":"boolean"},"StaticName":{"type":"string"},"Title":{"type":"string"},"FieldTypeKind":{"type":"integer"},"TypeAsString":{"type":"string"},"TypeDisplayName":{"type":"string"},"TypeShortDescription":{"type":"string"},"ValidationFormula":{},"ValidationMessage":{},"AllowMultipleValues":{"type":"boolean"},"DependentLookupInternalNames":{"type":"object","properties":{"__metadata":{"type":"object","properties":{"type":{"type":"string"}}},"results":{"type":"array"}}},"IsDependentLookup":{"type":"boolean"},"IsRelationship":{"type":"boolean"},"LookupField":{"type":"string"},"LookupList":{"type":"string"},"LookupWebId":{"type":"string"},"PrimaryFieldId":{},"RelationshipDeleteBehavior":{"type":"integer"},"UnlimitedLengthInDocumentLibrary":{"type":"boolean"}}}}}}},"Add_Menu_to_Default_View":{"runAfter":{"Parse_JSON":["Succeeded"]},"type":"OpenApiConnection","inputs":{"host":{"connectionName":"shared_sharepointonline_1","operationId":"HttpRequest","apiId":"/providers/Microsoft.PowerApps/apis/shared_sharepointonline"},"parameters":{"dataset":"@parameters('SharePoint URL')","parameters/method":"POST","parameters/uri":"_api/web/Lists/getByTitle('MyMenuItems')/views/GetByTitle('All%20Items')/ViewFields/AddViewField('Menu')"},"authentication":{"type":"Raw","value":"@json(decodeBase64(triggerOutputs().headers['X-MS-APIM-Tokens']))['$ConnectionKey']"}}},"Create_Tab_Column":{"runAfter":{"Create_DarkColor_2":["Succeeded"]},"type":"OpenApiConnection","inputs":{"host":{"connectionName":"shared_sharepointonline_1","operationId":"HttpRequest","apiId":"/providers/Microsoft.PowerApps/apis/shared_sharepointonline"},"parameters":{"dataset":"@parameters('SharePoint URL')","parameters/method":"POST","parameters/uri":"_api/lists/getbytitle('MyMenuItems')/fields","parameters/headers":{"accept":"application/json;odata=verbose","content-type":"application/json;odata=verbose"},"parameters/body":"{\n    '__metadata': {'type':'SP.Field', 'addToDefaultView': 'true' },\n    'FieldTypeKind': 2,\n    'Title': 'Tab'\n}"},"authentication":{"type":"Raw","value":"@json(decodeBase64(triggerOutputs().headers['X-MS-APIM-Tokens']))['$ConnectionKey']"}}},"Create_Screen":{"runAfter":{"Create_Tab_Column":["Succeeded"]},"type":"OpenApiConnection","inputs":{"host":{"connectionName":"shared_sharepointonline_1","operationId":"HttpRequest","apiId":"/providers/Microsoft.PowerApps/apis/shared_sharepointonline"},"parameters":{"dataset":"@parameters('SharePoint URL')","parameters/method":"POST","parameters/uri":"_api/lists/getbytitle('MyMenuItems')/fields","parameters/headers":{"accept":"application/json;odata=verbose","content-type":"application/json;odata=verbose"},"parameters/body":"{\n    '__metadata': {'type':'SP.Field', 'addToDefaultView': 'true' },\n    'FieldTypeKind': 2,\n    'Title': 'Screen'\n}"},"authentication":{"type":"Raw","value":"@json(decodeBase64(triggerOutputs().headers['X-MS-APIM-Tokens']))['$ConnectionKey']"}}},"Create_ID":{"runAfter":{"Create_Screen":["Succeeded"]},"type":"OpenApiConnection","inputs":{"host":{"connectionName":"shared_sharepointonline_1","operationId":"HttpRequest","apiId":"/providers/Microsoft.PowerApps/apis/shared_sharepointonline"},"parameters":{"dataset":"@parameters('SharePoint URL')","parameters/method":"POST","parameters/uri":"_api/lists/getbytitle('MyMenuItems')/fields","parameters/headers":{"accept":"application/json;odata=verbose","content-type":"application/json;odata=verbose"},"parameters/body":"{\n    '__metadata': {'type':'SP.Field', 'addToDefaultView': 'true' },\n    'FieldTypeKind': 9,\n    'Title': 'ItemID'\n}\n"},"authentication":{"type":"Raw","value":"@json(decodeBase64(triggerOutputs().headers['X-MS-APIM-Tokens']))['$ConnectionKey']"}}},"Create_Parent":{"runAfter":{"Create_ID":["Succeeded"]},"type":"OpenApiConnection","inputs":{"host":{"connectionName":"shared_sharepointonline_1","operationId":"HttpRequest","apiId":"/providers/Microsoft.PowerApps/apis/shared_sharepointonline"},"parameters":{"dataset":"@parameters('SharePoint URL')","parameters/method":"POST","parameters/uri":"_api/lists/getbytitle('MyMenuItems')/fields","parameters/headers":{"accept":"application/json;odata=verbose","content-type":"application/json;odata=verbose"},"parameters/body":"{\n    '__metadata': {'type':'SP.Field', 'addToDefaultView': 'true' },\n    'FieldTypeKind': 9,\n    'Title': 'ParentItem'\n}"},"authentication":{"type":"Raw","value":"@json(decodeBase64(triggerOutputs().headers['X-MS-APIM-Tokens']))['$ConnectionKey']"}}},"Create_Icon":{"runAfter":{"Create_Parent":["Succeeded"]},"type":"OpenApiConnection","inputs":{"host":{"connectionName":"shared_sharepointonline_1","operationId":"HttpRequest","apiId":"/providers/Microsoft.PowerApps/apis/shared_sharepointonline"},"parameters":{"dataset":"@parameters('SharePoint URL')","parameters/method":"POST","parameters/uri":"_api/lists/getbytitle('MyMenuItems')/fields","parameters/headers":{"accept":"application/json;odata=verbose","content-type":"application/json;odata=verbose"},"parameters/body":"{\n    '__metadata': {'type':'SP.Field', 'addToDefaultView': 'true' },\n    'FieldTypeKind': 3,\n   'Title': 'Icon'\n}"},"authentication":{"type":"Raw","value":"@json(decodeBase64(triggerOutputs().headers['X-MS-APIM-Tokens']))['$ConnectionKey']"}}},"Create_DarkIcon":{"runAfter":{"Create_Icon":["Succeeded"]},"type":"OpenApiConnection","inputs":{"host":{"connectionName":"shared_sharepointonline_1","operationId":"HttpRequest","apiId":"/providers/Microsoft.PowerApps/apis/shared_sharepointonline"},"parameters":{"dataset":"@parameters('SharePoint URL')","parameters/method":"POST","parameters/uri":"_api/lists/getbytitle('MyMenuItems')/fields","parameters/headers":{"accept":"application/json;odata=verbose","content-type":"application/json;odata=verbose"},"parameters/body":"{\n    '__metadata': {'type':'SP.Field', 'addToDefaultView': 'true' },\n    'FieldTypeKind': 3,\n   'Title': 'DarkIcon'\n}"},"authentication":{"type":"Raw","value":"@json(decodeBase64(triggerOutputs().headers['X-MS-APIM-Tokens']))['$ConnectionKey']"}}},"Create_SubItems":{"runAfter":{"Create_DarkIcon":["Succeeded"]},"type":"OpenApiConnection","inputs":{"host":{"connectionName":"shared_sharepointonline_1","operationId":"HttpRequest","apiId":"/providers/Microsoft.PowerApps/apis/shared_sharepointonline"},"parameters":{"dataset":"@parameters('SharePoint URL')","parameters/method":"POST","parameters/uri":"_api/lists/getbytitle('MyMenuItems')/fields","parameters/headers":{"accept":"application/json;odata=verbose","content-type":"application/json;odata=verbose"},"parameters/body":"{\n    '__metadata': {'type':'SP.Field', 'addToDefaultView': 'true' },\n    'FieldTypeKind': 8,\n   'Title': 'SubItems'\n}"},"authentication":{"type":"Raw","value":"@json(decodeBase64(triggerOutputs().headers['X-MS-APIM-Tokens']))['$ConnectionKey']"}}},"Apply_to_each":{"foreach":"@variables('MyMenuItemsColumns')","actions":{"Send_an_HTTP_request_to_SharePoint":{"runAfter":{},"type":"OpenApiConnection","inputs":{"host":{"connectionName":"shared_sharepointonline_1","operationId":"HttpRequest","apiId":"/providers/Microsoft.PowerApps/apis/shared_sharepointonline"},"parameters":{"dataset":"@parameters('SharePoint URL')","parameters/method":"POST","parameters/uri":"_api/web/Lists/getByTitle('MyMenuItems')/views/GetByTitle('All%20Items')/ViewFields/AddViewField('@{items('Apply_to_each')}')"},"authentication":{"type":"Raw","value":"@json(decodeBase64(triggerOutputs().headers['X-MS-APIM-Tokens']))['$ConnectionKey']"}}}},"runAfter":{"Create_Command":["Succeeded"]},"type":"Foreach"},"MenuText":{"runAfter":{"Add_Menu_to_Default_View":["Succeeded"]},"type":"OpenApiConnection","inputs":{"host":{"connectionName":"shared_sharepointonline_1","operationId":"HttpRequest","apiId":"/providers/Microsoft.PowerApps/apis/shared_sharepointonline"},"parameters":{"dataset":"@parameters('SharePoint URL')","parameters/method":"POST","parameters/uri":"_api/lists/getbytitle('MyMenuItems')/fields","parameters/headers":{"accept":"application/json;odata=verbose","content-type":"application/json;odata=verbose"},"parameters/body":"{\n    '__metadata': {'type':'SP.Field', 'addToDefaultView': 'true' },\n    'FieldTypeKind': 2,\n    'Title': 'MenuText'\n}"},"authentication":{"type":"Raw","value":"@json(decodeBase64(triggerOutputs().headers['X-MS-APIM-Tokens']))['$ConnectionKey']"}}},"Create_LightColor_2":{"runAfter":{"MenuText":["Succeeded"]},"type":"OpenApiConnection","inputs":{"host":{"connectionName":"shared_sharepointonline_1","operationId":"HttpRequest","apiId":"/providers/Microsoft.PowerApps/apis/shared_sharepointonline"},"parameters":{"dataset":"@parameters('SharePoint URL')","parameters/method":"POST","parameters/uri":"_api/lists/getbytitle('MyMenuItems')/fields","parameters/headers":{"accept":"application/json;odata=verbose","content-type":"application/json;odata=verbose"},"parameters/body":"{\n    '__metadata': {'type':'SP.Field', 'addToDefaultView': 'true' },\n    'FieldTypeKind': 2,\n    'Title': 'LightColor'\n}"},"authentication":{"type":"Raw","value":"@json(decodeBase64(triggerOutputs().headers['X-MS-APIM-Tokens']))['$ConnectionKey']"}}},"Create_DarkColor_2":{"runAfter":{"Create_LightColor_2":["Succeeded"]},"type":"OpenApiConnection","inputs":{"host":{"connectionName":"shared_sharepointonline_1","operationId":"HttpRequest","apiId":"/providers/Microsoft.PowerApps/apis/shared_sharepointonline"},"parameters":{"dataset":"@parameters('SharePoint URL')","parameters/method":"POST","parameters/uri":"_api/lists/getbytitle('MyMenuItems')/fields","parameters/headers":{"accept":"application/json;odata=verbose","content-type":"application/json;odata=verbose"},"parameters/body":"{\n    '__metadata': {'type':'SP.Field', 'addToDefaultView': 'true' },\n    'FieldTypeKind': 2,\n    'Title': 'DarkColor'\n}"},"authentication":{"type":"Raw","value":"@json(decodeBase64(triggerOutputs().headers['X-MS-APIM-Tokens']))['$ConnectionKey']"}}},"Create_Expanded":{"runAfter":{"Create_SubItems":["Succeeded"]},"type":"OpenApiConnection","inputs":{"host":{"connectionName":"shared_sharepointonline_1","operationId":"HttpRequest","apiId":"/providers/Microsoft.PowerApps/apis/shared_sharepointonline"},"parameters":{"dataset":"@parameters('SharePoint URL')","parameters/method":"POST","parameters/uri":"_api/lists/getbytitle('MyMenuItems')/fields","parameters/headers":{"accept":"application/json;odata=verbose","content-type":"application/json;odata=verbose"},"parameters/body":"{\n    '__metadata': {'type':'SP.Field', 'addToDefaultView': 'true' },\n    'FieldTypeKind': 8,\n   'Title': 'Expanded'\n}"},"authentication":{"type":"Raw","value":"@json(decodeBase64(triggerOutputs().headers['X-MS-APIM-Tokens']))['$ConnectionKey']"}}},"Create_Command":{"runAfter":{"Create_Expanded":["Succeeded"]},"type":"OpenApiConnection","inputs":{"host":{"connectionName":"shared_sharepointonline_1","operationId":"HttpRequest","apiId":"/providers/Microsoft.PowerApps/apis/shared_sharepointonline"},"parameters":{"dataset":"@parameters('SharePoint URL')","parameters/method":"POST","parameters/uri":"_api/lists/getbytitle('MyMenuItems')/fields","parameters/headers":{"accept":"application/json;odata=verbose","content-type":"application/json;odata=verbose"},"parameters/body":"{\n    '__metadata': {'type':'SP.Field', 'addToDefaultView': 'true' },\n    'FieldTypeKind': 2,\n    'Title': 'Command'\n}"},"authentication":{"type":"Raw","value":"@json(decodeBase64(triggerOutputs().headers['X-MS-APIM-Tokens']))['$ConnectionKey']"}}}},"runAfter":{"MyMenus":["Succeeded","Failed"]},"type":"Scope"},"Initialize_MyMenuItemsColumns":{"runAfter":{"Initialize_MyMenusColumns":["Succeeded"]},"type":"InitializeVariable","inputs":{"variables":[{"name":"MyMenuItemsColumns","type":"array","value":["ItemID","MenuText","Tab","ParentItem","SubItems","Icon","DarkIcon","Screen","DarkColor","LightColor","Expanded"]}]}},"MyFavouriteIcons":{"actions":{"Send_MyFavouriteIcons":{"runAfter":{},"type":"OpenApiConnection","inputs":{"host":{"connectionName":"shared_sharepointonline_1","operationId":"HttpRequest","apiId":"/providers/Microsoft.PowerApps/apis/shared_sharepointonline"},"parameters":{"dataset":"@parameters('SharePoint URL')","parameters/method":"POST","parameters/uri":"/_api/web/lists","parameters/headers":{"Accept":"application/json;odata=verbose","Content-Type":"application/json;odata=verbose"},"parameters/body":"{\n  \"__metadata\": {\"type\": \"SP.List\"},\n  \"AllowContentTypes\": true,\n  \"BaseTemplate\": 100,\n \"Description\": \"This list stores favorite icons\",\n \"Title\": \"MyFavouriteIcons\"\n}"},"authentication":{"type":"Raw","value":"@json(decodeBase64(triggerOutputs().headers['X-MS-APIM-Tokens']))['$ConnectionKey']"}}},"Parse_MyFavouriteIcons_List":{"runAfter":{"Send_MyFavouriteIcons":["Succeeded"]},"type":"ParseJson","inputs":{"content":"@outputs('Send_MyFavouriteIcons')?['body']","schema":{"type":"object","properties":{"d":{"type":"object","properties":{"__metadata":{"type":"object","properties":{"id":{"type":"string"},"uri":{"type":"string"},"etag":{"type":"string"},"type":{"type":"string"}}},"FirstUniqueAncestorSecurableObject":{"type":"object","properties":{"__deferred":{"type":"object","properties":{"uri":{"type":"string"}}}}},"RoleAssignments":{"type":"object","properties":{"__deferred":{"type":"object","properties":{"uri":{"type":"string"}}}}},"Author":{"type":"object","properties":{"__deferred":{"type":"object","properties":{"uri":{"type":"string"}}}}},"ContentTypes":{"type":"object","properties":{"__deferred":{"type":"object","properties":{"uri":{"type":"string"}}}}},"CreatablesInfo":{"type":"object","properties":{"__deferred":{"type":"object","properties":{"uri":{"type":"string"}}}}},"DefaultView":{"type":"object","properties":{"__deferred":{"type":"object","properties":{"uri":{"type":"string"}}}}},"DescriptionResource":{"type":"object","properties":{"__deferred":{"type":"object","properties":{"uri":{"type":"string"}}}}},"EventReceivers":{"type":"object","properties":{"__deferred":{"type":"object","properties":{"uri":{"type":"string"}}}}},"Fields":{"type":"object","properties":{"__deferred":{"type":"object","properties":{"uri":{"type":"string"}}}}},"Forms":{"type":"object","properties":{"__deferred":{"type":"object","properties":{"uri":{"type":"string"}}}}},"InformationRightsManagementSettings":{"type":"object","properties":{"__deferred":{"type":"object","properties":{"uri":{"type":"string"}}}}},"Items":{"type":"object","properties":{"__deferred":{"type":"object","properties":{"uri":{"type":"string"}}}}},"ParentWeb":{"type":"object","properties":{"__deferred":{"type":"object","properties":{"uri":{"type":"string"}}}}},"RootFolder":{"type":"object","properties":{"__deferred":{"type":"object","properties":{"uri":{"type":"string"}}}}},"Subscriptions":{"type":"object","properties":{"__deferred":{"type":"object","properties":{"uri":{"type":"string"}}}}},"TitleResource":{"type":"object","properties":{"__deferred":{"type":"object","properties":{"uri":{"type":"string"}}}}},"UserCustomActions":{"type":"object","properties":{"__deferred":{"type":"object","properties":{"uri":{"type":"string"}}}}},"Views":{"type":"object","properties":{"__deferred":{"type":"object","properties":{"uri":{"type":"string"}}}}},"WorkflowAssociations":{"type":"object","properties":{"__deferred":{"type":"object","properties":{"uri":{"type":"string"}}}}},"AllowContentTypes":{"type":"boolean"},"BaseTemplate":{"type":"integer"},"BaseType":{"type":"integer"},"ContentTypesEnabled":{"type":"boolean"},"CrawlNonDefaultViews":{"type":"boolean"},"Created":{"type":"string"},"CurrentChangeToken":{"type":"object","properties":{"__metadata":{"type":"object","properties":{"type":{"type":"string"}}},"StringValue":{"type":"string"}}},"DefaultContentApprovalWorkflowId":{"type":"string"},"DefaultItemOpenUseListSetting":{"type":"boolean"},"Description":{"type":"string"},"Direction":{"type":"string"},"DisableCommenting":{"type":"boolean"},"DisableGridEditing":{"type":"boolean"},"DocumentTemplateUrl":{},"DraftVersionVisibility":{"type":"integer"},"EnableAttachments":{"type":"boolean"},"EnableFolderCreation":{"type":"boolean"},"EnableMinorVersions":{"type":"boolean"},"EnableModeration":{"type":"boolean"},"EnableRequestSignOff":{"type":"boolean"},"EnableVersioning":{"type":"boolean"},"EntityTypeName":{"type":"string"},"ExemptFromBlockDownloadOfNonViewableFiles":{"type":"boolean"},"FileSavePostProcessingEnabled":{"type":"boolean"},"ForceCheckout":{"type":"boolean"},"HasExternalDataSource":{"type":"boolean"},"Hidden":{"type":"boolean"},"Id":{"type":"string"},"ImagePath":{"type":"object","properties":{"__metadata":{"type":"object","properties":{"type":{"type":"string"}}},"DecodedUrl":{"type":"string"}}},"ImageUrl":{"type":"string"},"IrmEnabled":{"type":"boolean"},"IrmExpire":{"type":"boolean"},"IrmReject":{"type":"boolean"},"IsApplicationList":{"type":"boolean"},"IsCatalog":{"type":"boolean"},"IsPrivate":{"type":"boolean"},"ItemCount":{"type":"integer"},"LastItemDeletedDate":{"type":"string"},"LastItemModifiedDate":{"type":"string"},"LastItemUserModifiedDate":{"type":"string"},"ListExperienceOptions":{"type":"integer"},"ListItemEntityTypeFullName":{"type":"string"},"MajorVersionLimit":{"type":"integer"},"MajorWithMinorVersionsLimit":{"type":"integer"},"MultipleDataList":{"type":"boolean"},"NoCrawl":{"type":"boolean"},"ParentWebPath":{"type":"object","properties":{"__metadata":{"type":"object","properties":{"type":{"type":"string"}}},"DecodedUrl":{"type":"string"}}},"ParentWebUrl":{"type":"string"},"ParserDisabled":{"type":"boolean"},"ServerTemplateCanCreateFolders":{"type":"boolean"},"TemplateFeatureId":{"type":"string"},"Title":{"type":"string"}}}}}}},"LightColor":{"runAfter":{"DarkColor":["Succeeded"]},"type":"OpenApiConnection","inputs":{"host":{"connectionName":"shared_sharepointonline_1","operationId":"HttpRequest","apiId":"/providers/Microsoft.PowerApps/apis/shared_sharepointonline"},"parameters":{"dataset":"@parameters('SharePoint URL')","parameters/method":"POST","parameters/uri":"_api/lists/getbytitle('MyFavouriteIcons')/fields","parameters/headers":{"Accept":"application/json;odata=verbose","Content-Type":"application/json;odata=verbose"},"parameters/body":"{\n    '__metadata': {'type':'SP.Field', 'addToDefaultView': 'true' },\n    'FieldTypeKind': 2,\n    'Title': 'LightColor'\n}"},"authentication":{"type":"Raw","value":"@json(decodeBase64(triggerOutputs().headers['X-MS-APIM-Tokens']))['$ConnectionKey']"}}},"IconSet":{"runAfter":{"LightColor":["Succeeded"]},"type":"OpenApiConnection","inputs":{"host":{"connectionName":"shared_sharepointonline_1","operationId":"HttpRequest","apiId":"/providers/Microsoft.PowerApps/apis/shared_sharepointonline"},"parameters":{"dataset":"@parameters('SharePoint URL')","parameters/method":"POST","parameters/uri":"_api/lists/getbytitle('MyFavouriteIcons')/fields","parameters/headers":{"Accept":"application/json;odata=verbose","Content-Type":"application/json;odata=verbose"},"parameters/body":"{\n    '__metadata': {'type':'SP.Field', 'addToDefaultView': 'true' },\n    'FieldTypeKind': 2,\n    'Title': 'IconSet'\n}"},"authentication":{"type":"Raw","value":"@json(decodeBase64(triggerOutputs().headers['X-MS-APIM-Tokens']))['$ConnectionKey']"}}},"CreatorEmail":{"runAfter":{"IconSet":["Succeeded"]},"type":"OpenApiConnection","inputs":{"host":{"connectionName":"shared_sharepointonline_1","operationId":"HttpRequest","apiId":"/providers/Microsoft.PowerApps/apis/shared_sharepointonline"},"parameters":{"dataset":"@parameters('SharePoint URL')","parameters/method":"POST","parameters/uri":"_api/lists/getbytitle('MyFavouriteIcons')/fields","parameters/headers":{"Accept":"application/json;odata=verbose","Content-Type":"application/json;odata=verbose"},"parameters/body":"{\n    '__metadata': {'type':'SP.Field', 'addToDefaultView': 'true' },\n    'FieldTypeKind': 2,\n   'Title': 'CreatorEmail'\n}"},"authentication":{"type":"Raw","value":"@json(decodeBase64(triggerOutputs().headers['X-MS-APIM-Tokens']))['$ConnectionKey']"}}},"DarkColor":{"runAfter":{"Parse_MyFavouriteIcons_List":["Succeeded"]},"type":"OpenApiConnection","inputs":{"host":{"connectionName":"shared_sharepointonline_1","operationId":"HttpRequest","apiId":"/providers/Microsoft.PowerApps/apis/shared_sharepointonline"},"parameters":{"dataset":"@parameters('SharePoint URL')","parameters/method":"POST","parameters/uri":"_api/lists/getbytitle('MyFavouriteIcons')/fields","parameters/headers":{"Accept":"application/json;odata=verbose","Content-Type":"application/json;odata=verbose"},"parameters/body":"{\n    '__metadata': {'type':'SP.Field', 'addToDefaultView': 'true' },\n    'FieldTypeKind': 2,\n    'Title': 'DarkColor'\n}"},"authentication":{"type":"Raw","value":"@json(decodeBase64(triggerOutputs().headers['X-MS-APIM-Tokens']))['$ConnectionKey']"}}},"Apply_to_each_3":{"foreach":"@variables('MyFavouriteIcons')","actions":{"Send_an_HTTP_request_to_SharePoint_5":{"runAfter":{},"type":"OpenApiConnection","inputs":{"host":{"connectionName":"shared_sharepointonline_1","operationId":"HttpRequest","apiId":"/providers/Microsoft.PowerApps/apis/shared_sharepointonline"},"parameters":{"dataset":"@parameters('SharePoint URL')","parameters/method":"POST","parameters/uri":"_api/web/Lists/getByTitle('MyFavouriteIcons')/views/GetByTitle('All%20Items')/ViewFields/AddViewField('@{items('Apply_to_each_3')}')"},"authentication":{"type":"Raw","value":"@json(decodeBase64(triggerOutputs().headers['X-MS-APIM-Tokens']))['$ConnectionKey']"}}}},"runAfter":{"CreatorEmail":["Succeeded"]},"type":"Foreach"}},"runAfter":{"MyMenuItems":["Succeeded","Failed"]},"type":"Scope"},"Initialize_MyMenusColumns":{"runAfter":{},"type":"InitializeVariable","inputs":{"variables":[{"name":"MyMenusColumns","type":"array","value":["DarkColor","LightColor","CreatorEmail"]}]}},"Initialize_MyFavouriteIcons":{"runAfter":{"Initialize_MyMenuItemsColumns":["Succeeded"]},"type":"InitializeVariable","inputs":{"variables":[{"name":"MyFavouriteIcons","type":"array","value":["IconSet","LightColor","DarkColor","CreatorEmail"]}]}}},"outputs":{}}},"schemaVersion":"1.0.0.0"}