{"properties":{"connectionReferences":{"shared_sharepointonline":{"runtimeSource":"invoker","connection":{"connectionReferenceLogicalName":"tm_sharedsharepointonline_88297"},"api":{"name":"shared_sharepointonline"}}},"definition":{"$schema":"https://schema.management.azure.com/providers/Microsoft.Logic/schemas/2016-06-01/workflowdefinition.json#","contentVersion":"1.0.0.0","parameters":{"$connections":{"defaultValue":{},"type":"Object"},"$authentication":{"defaultValue":{},"type":"SecureObject"},"SharePoint URL":{"defaultValue":"https://inspectplus.sharepoint.com/sites/IconMenuBuilder","type":"String","metadata":{"schemaName":"pp_SharePointURL"}}},"triggers":{"manual":{"metadata":{"operationMetadataId":"cbdf7c1d-f977-449a-adfe-05691c8a4924"},"type":"Request","kind":"Button","inputs":{"schema":{"type":"object","properties":{},"required":[]}}}},"actions":{"MyMenus":{"actions":{"Send_MyMenus_List":{"runAfter":{},"metadata":{"operationMetadataId":"e919f9eb-b517-4a76-bb2d-ef4cb7f08718"},"type":"OpenApiConnection","inputs":{"host":{"connectionName":"shared_sharepointonline","operationId":"HttpRequest","apiId":"/providers/Microsoft.PowerApps/apis/shared_sharepointonline"},"parameters":{"dataset":"@parameters('SharePoint URL')","parameters/method":"POST","parameters/uri":"/_api/web/lists","parameters/headers":{"Accept":"application/json;odata=verbose","Content-Type":"application/json;odata=verbose"},"parameters/body":"{\n  \"__metadata\": {\"type\": \"SP.List\"},\n  \"AllowContentTypes\": true,\n  \"BaseTemplate\": 100,\n \"Description\": \"This list stores my saved menus\",\n \"Title\": \"MyMenus\"\n}"},"authentication":{"type":"Raw","value":"@json(decodeBase64(triggerOutputs().headers['X-MS-APIM-Tokens']))['$ConnectionKey']"}}},"Parse_MyMenus_List":{"runAfter":{"Send_MyMenus_List":["Succeeded"]},"metadata":{"operationMetadataId":"7766b1ad-85f0-44bb-9efb-172a7453af59"},"type":"ParseJson","inputs":{"content":"@outputs('Send_MyMenus_List')?['body']","schema":{"type":"object","properties":{"d":{"type":"object","properties":{"__metadata":{"type":"object","properties":{"id":{"type":"string"},"uri":{"type":"string"},"etag":{"type":"string"},"type":{"type":"string"}}},"FirstUniqueAncestorSecurableObject":{"type":"object","properties":{"__deferred":{"type":"object","properties":{"uri":{"type":"string"}}}}},"RoleAssignments":{"type":"object","properties":{"__deferred":{"type":"object","properties":{"uri":{"type":"string"}}}}},"Author":{"type":"object","properties":{"__deferred":{"type":"object","properties":{"uri":{"type":"string"}}}}},"ContentTypes":{"type":"object","properties":{"__deferred":{"type":"object","properties":{"uri":{"type":"string"}}}}},"CreatablesInfo":{"type":"object","properties":{"__deferred":{"type":"object","properties":{"uri":{"type":"string"}}}}},"DefaultView":{"type":"object","properties":{"__deferred":{"type":"object","properties":{"uri":{"type":"string"}}}}},"DescriptionResource":{"type":"object","properties":{"__deferred":{"type":"object","properties":{"uri":{"type":"string"}}}}},"EventReceivers":{"type":"object","properties":{"__deferred":{"type":"object","properties":{"uri":{"type":"string"}}}}},"Fields":{"type":"object","properties":{"__deferred":{"type":"object","properties":{"uri":{"type":"string"}}}}},"Forms":{"type":"object","properties":{"__deferred":{"type":"object","properties":{"uri":{"type":"string"}}}}},"InformationRightsManagementSettings":{"type":"object","properties":{"__deferred":{"type":"object","properties":{"uri":{"type":"string"}}}}},"Items":{"type":"object","properties":{"__deferred":{"type":"object","properties":{"uri":{"type":"string"}}}}},"ParentWeb":{"type":"object","properties":{"__deferred":{"type":"object","properties":{"uri":{"type":"string"}}}}},"RootFolder":{"type":"object","properties":{"__deferred":{"type":"object","properties":{"uri":{"type":"string"}}}}},"Subscriptions":{"type":"object","properties":{"__deferred":{"type":"object","properties":{"uri":{"type":"string"}}}}},"TitleResource":{"type":"object","properties":{"__deferred":{"type":"object","properties":{"uri":{"type":"string"}}}}},"UserCustomActions":{"type":"object","properties":{"__deferred":{"type":"object","properties":{"uri":{"type":"string"}}}}},"Views":{"type":"object","properties":{"__deferred":{"type":"object","properties":{"uri":{"type":"string"}}}}},"WorkflowAssociations":{"type":"object","properties":{"__deferred":{"type":"object","properties":{"uri":{"type":"string"}}}}},"AllowContentTypes":{"type":"boolean"},"BaseTemplate":{"type":"integer"},"BaseType":{"type":"integer"},"ContentTypesEnabled":{"type":"boolean"},"CrawlNonDefaultViews":{"type":"boolean"},"Created":{"type":"string"},"CurrentChangeToken":{"type":"object","properties":{"__metadata":{"type":"object","properties":{"type":{"type":"string"}}},"StringValue":{"type":"string"}}},"DefaultContentApprovalWorkflowId":{"type":"string"},"DefaultItemOpenUseListSetting":{"type":"boolean"},"Description":{"type":"string"},"Direction":{"type":"string"},"DisableCommenting":{"type":"boolean"},"DisableGridEditing":{"type":"boolean"},"DocumentTemplateUrl":{},"DraftVersionVisibility":{"type":"integer"},"EnableAttachments":{"type":"boolean"},"EnableFolderCreation":{"type":"boolean"},"EnableMinorVersions":{"type":"boolean"},"EnableModeration":{"type":"boolean"},"EnableRequestSignOff":{"type":"boolean"},"EnableVersioning":{"type":"boolean"},"EntityTypeName":{"type":"string"},"ExemptFromBlockDownloadOfNonViewableFiles":{"type":"boolean"},"FileSavePostProcessingEnabled":{"type":"boolean"},"ForceCheckout":{"type":"boolean"},"HasExternalDataSource":{"type":"boolean"},"Hidden":{"type":"boolean"},"Id":{"type":"string"},"ImagePath":{"type":"object","properties":{"__metadata":{"type":"object","properties":{"type":{"type":"string"}}},"DecodedUrl":{"type":"string"}}},"ImageUrl":{"type":"string"},"IrmEnabled":{"type":"boolean"},"IrmExpire":{"type":"boolean"},"IrmReject":{"type":"boolean"},"IsApplicationList":{"type":"boolean"},"IsCatalog":{"type":"boolean"},"IsPrivate":{"type":"boolean"},"ItemCount":{"type":"integer"},"LastItemDeletedDate":{"type":"string"},"LastItemModifiedDate":{"type":"string"},"LastItemUserModifiedDate":{"type":"string"},"ListExperienceOptions":{"type":"integer"},"ListItemEntityTypeFullName":{"type":"string"},"MajorVersionLimit":{"type":"integer"},"MajorWithMinorVersionsLimit":{"type":"integer"},"MultipleDataList":{"type":"boolean"},"NoCrawl":{"type":"boolean"},"ParentWebPath":{"type":"object","properties":{"__metadata":{"type":"object","properties":{"type":{"type":"string"}}},"DecodedUrl":{"type":"string"}}},"ParentWebUrl":{"type":"string"},"ParserDisabled":{"type":"boolean"},"ServerTemplateCanCreateFolders":{"type":"boolean"},"TemplateFeatureId":{"type":"string"},"Title":{"type":"string"}}}}}}},"Create_DarkColor":{"runAfter":{"Parse_MyMenus_List":["Succeeded"]},"metadata":{"operationMetadataId":"d6698eb1-3cfb-4c2e-b60d-875641500fd8"},"type":"OpenApiConnection","inputs":{"host":{"connectionName":"shared_sharepointonline","operationId":"HttpRequest","apiId":"/providers/Microsoft.PowerApps/apis/shared_sharepointonline"},"parameters":{"dataset":"@parameters('SharePoint URL')","parameters/method":"POST","parameters/uri":"_api/lists/getbytitle('MyMenus')/fields","parameters/headers":{"accept":"application/json;odata=verbose","content-type":"application/json;odata=verbose"},"parameters/body":"{\n    '__metadata': {'type':'SP.Field', 'addToDefaultView': 'true' },\n    'FieldTypeKind': 2,\n    'Title': 'DarkColor'\n}"},"authentication":{"type":"Raw","value":"@json(decodeBase64(triggerOutputs().headers['X-MS-APIM-Tokens']))['$ConnectionKey']"}}},"Apply_to_each_2":{"foreach":"@variables('MyMenusColumns')","actions":{"Send_an_HTTP_request_to_SharePoint_2":{"runAfter":{},"metadata":{"operationMetadataId":"7873f434-4d2f-4e21-92b1-6a9fb07a1362"},"type":"OpenApiConnection","inputs":{"host":{"connectionName":"shared_sharepointonline","operationId":"HttpRequest","apiId":"/providers/Microsoft.PowerApps/apis/shared_sharepointonline"},"parameters":{"dataset":"@parameters('SharePoint URL')","parameters/method":"POST","parameters/uri":"_api/web/Lists/getByTitle('MyMenus')/views/GetByTitle('All%20Items')/ViewFields/AddViewField('@{items('Apply_to_each_2')}')"},"authentication":{"type":"Raw","value":"@json(decodeBase64(triggerOutputs().headers['X-MS-APIM-Tokens']))['$ConnectionKey']"}}}},"runAfter":{"Create_CreatorEmail":["Succeeded"]},"metadata":{"operationMetadataId":"44877ef6-96e9-47ec-aa05-debb418f9a65"},"type":"Foreach"},"Create_LightColor":{"runAfter":{"Create_DarkColor":["Succeeded"]},"metadata":{"operationMetadataId":"16dd65cd-7b28-4ca6-9a6b-c5c052a47d5a"},"type":"OpenApiConnection","inputs":{"host":{"connectionName":"shared_sharepointonline","operationId":"HttpRequest","apiId":"/providers/Microsoft.PowerApps/apis/shared_sharepointonline"},"parameters":{"dataset":"@parameters('SharePoint URL')","parameters/method":"POST","parameters/uri":"_api/lists/getbytitle('MyMenus')/fields","parameters/headers":{"accept":"application/json;odata=verbose","content-type":"application/json;odata=verbose"},"parameters/body":"{\n    '__metadata': {'type':'SP.Field', 'addToDefaultView': 'true' },\n    'FieldTypeKind': 2,\n    'Title': 'LightColor'\n}"},"authentication":{"type":"Raw","value":"@json(decodeBase64(triggerOutputs().headers['X-MS-APIM-Tokens']))['$ConnectionKey']"}}},"Create_CreatorEmail":{"runAfter":{"Create_LightColor":["Succeeded"]},"metadata":{"operationMetadataId":"e77734b3-3b57-41e5-a5b8-3259825cc191"},"type":"OpenApiConnection","inputs":{"host":{"connectionName":"shared_sharepointonline","operationId":"HttpRequest","apiId":"/providers/Microsoft.PowerApps/apis/shared_sharepointonline"},"parameters":{"dataset":"@parameters('SharePoint URL')","parameters/method":"POST","parameters/uri":"_api/lists/getbytitle('MyMenus')/fields","parameters/headers":{"accept":"application/json;odata=verbose","content-type":"application/json;odata=verbose"},"parameters/body":"{\n    '__metadata': {'type':'SP.Field', 'addToDefaultView': 'true' },\n    'FieldTypeKind': 2,\n    'Title': 'CreatorEmail'\n}"},"authentication":{"type":"Raw","value":"@json(decodeBase64(triggerOutputs().headers['X-MS-APIM-Tokens']))['$ConnectionKey']"}}}},"runAfter":{"Initialize_MyFavouriteIcons":["Succeeded"]},"metadata":{"operationMetadataId":"409a27b8-8d13-4cd5-80e1-ed9d0e1dc5fd"},"type":"Scope"},"MyMenuItems":{"actions":{"Send_MyMenuItems":{"runAfter":{},"metadata":{"operationMetadataId":"22c2f623-a54f-41c4-b461-4bac03ab50b4"},"type":"OpenApiConnection","inputs":{"host":{"connectionName":"shared_sharepointonline","operationId":"HttpRequest","apiId":"/providers/Microsoft.PowerApps/apis/shared_sharepointonline"},"parameters":{"dataset":"@parameters('SharePoint URL')","parameters/method":"POST","parameters/uri":"/_api/web/lists","parameters/headers":{"Accept":"application/json;odata=verbose","Content-Type":"application/json;odata=verbose"},"parameters/body":"{\n  \"__metadata\": {\"type\": \"SP.List\"},\n  \"AllowContentTypes\": true,\n  \"BaseTemplate\": 100,\n \"Description\": \"This list stores the desk info\",\n \"Title\": \"MyMenuItems\"\n}"},"authentication":{"type":"Raw","value":"@json(decodeBase64(triggerOutputs().headers['X-MS-APIM-Tokens']))['$ConnectionKey']"}}},"Parse_MyMenuItems_List":{"runAfter":{"Send_MyMenuItems":["Succeeded"]},"metadata":{"operationMetadataId":"e6d112c6-c9ac-4721-afbf-b624e1841eab"},"type":"ParseJson","inputs":{"content":"@outputs('Send_MyMenuItems')?['body']","schema":{"type":"object","properties":{"d":{"type":"object","properties":{"__metadata":{"type":"object","properties":{"id":{"type":"string"},"uri":{"type":"string"},"etag":{"type":"string"},"type":{"type":"string"}}},"FirstUniqueAncestorSecurableObject":{"type":"object","properties":{"__deferred":{"type":"object","properties":{"uri":{"type":"string"}}}}},"RoleAssignments":{"type":"object","properties":{"__deferred":{"type":"object","properties":{"uri":{"type":"string"}}}}},"Author":{"type":"object","properties":{"__deferred":{"type":"object","properties":{"uri":{"type":"string"}}}}},"ContentTypes":{"type":"object","properties":{"__deferred":{"type":"object","properties":{"uri":{"type":"string"}}}}},"CreatablesInfo":{"type":"object","properties":{"__deferred":{"type":"object","properties":{"uri":{"type":"string"}}}}},"DefaultView":{"type":"object","properties":{"__deferred":{"type":"object","properties":{"uri":{"type":"string"}}}}},"DescriptionResource":{"type":"object","properties":{"__deferred":{"type":"object","properties":{"uri":{"type":"string"}}}}},"EventReceivers":{"type":"object","properties":{"__deferred":{"type":"object","properties":{"uri":{"type":"string"}}}}},"Fields":{"type":"object","properties":{"__deferred":{"type":"object","properties":{"uri":{"type":"string"}}}}},"Forms":{"type":"object","properties":{"__deferred":{"type":"object","properties":{"uri":{"type":"string"}}}}},"InformationRightsManagementSettings":{"type":"object","properties":{"__deferred":{"type":"object","properties":{"uri":{"type":"string"}}}}},"Items":{"type":"object","properties":{"__deferred":{"type":"object","properties":{"uri":{"type":"string"}}}}},"ParentWeb":{"type":"object","properties":{"__deferred":{"type":"object","properties":{"uri":{"type":"string"}}}}},"RootFolder":{"type":"object","properties":{"__deferred":{"type":"object","properties":{"uri":{"type":"string"}}}}},"Subscriptions":{"type":"object","properties":{"__deferred":{"type":"object","properties":{"uri":{"type":"string"}}}}},"TitleResource":{"type":"object","properties":{"__deferred":{"type":"object","properties":{"uri":{"type":"string"}}}}},"UserCustomActions":{"type":"object","properties":{"__deferred":{"type":"object","properties":{"uri":{"type":"string"}}}}},"Views":{"type":"object","properties":{"__deferred":{"type":"object","properties":{"uri":{"type":"string"}}}}},"WorkflowAssociations":{"type":"object","properties":{"__deferred":{"type":"object","properties":{"uri":{"type":"string"}}}}},"AllowContentTypes":{"type":"boolean"},"BaseTemplate":{"type":"integer"},"BaseType":{"type":"integer"},"ContentTypesEnabled":{"type":"boolean"},"CrawlNonDefaultViews":{"type":"boolean"},"Created":{"type":"string"},"CurrentChangeToken":{"type":"object","properties":{"__metadata":{"type":"object","properties":{"type":{"type":"string"}}},"StringValue":{"type":"string"}}},"DefaultContentApprovalWorkflowId":{"type":"string"},"DefaultItemOpenUseListSetting":{"type":"boolean"},"Description":{"type":"string"},"Direction":{"type":"string"},"DisableCommenting":{"type":"boolean"},"DisableGridEditing":{"type":"boolean"},"DocumentTemplateUrl":{},"DraftVersionVisibility":{"type":"integer"},"EnableAttachments":{"type":"boolean"},"EnableFolderCreation":{"type":"boolean"},"EnableMinorVersions":{"type":"boolean"},"EnableModeration":{"type":"boolean"},"EnableRequestSignOff":{"type":"boolean"},"EnableVersioning":{"type":"boolean"},"EntityTypeName":{"type":"string"},"ExemptFromBlockDownloadOfNonViewableFiles":{"type":"boolean"},"FileSavePostProcessingEnabled":{"type":"boolean"},"ForceCheckout":{"type":"boolean"},"HasExternalDataSource":{"type":"boolean"},"Hidden":{"type":"boolean"},"Id":{"type":"string"},"ImagePath":{"type":"object","properties":{"__metadata":{"type":"object","properties":{"type":{"type":"string"}}},"DecodedUrl":{"type":"string"}}},"ImageUrl":{"type":"string"},"IrmEnabled":{"type":"boolean"},"IrmExpire":{"type":"boolean"},"IrmReject":{"type":"boolean"},"IsApplicationList":{"type":"boolean"},"IsCatalog":{"type":"boolean"},"IsPrivate":{"type":"boolean"},"ItemCount":{"type":"integer"},"LastItemDeletedDate":{"type":"string"},"LastItemModifiedDate":{"type":"string"},"LastItemUserModifiedDate":{"type":"string"},"ListExperienceOptions":{"type":"integer"},"ListItemEntityTypeFullName":{"type":"string"},"MajorVersionLimit":{"type":"integer"},"MajorWithMinorVersionsLimit":{"type":"integer"},"MultipleDataList":{"type":"boolean"},"NoCrawl":{"type":"boolean"},"ParentWebPath":{"type":"object","properties":{"__metadata":{"type":"object","properties":{"type":{"type":"string"}}},"DecodedUrl":{"type":"string"}}},"ParentWebUrl":{"type":"string"},"ParserDisabled":{"type":"boolean"},"ServerTemplateCanCreateFolders":{"type":"boolean"},"TemplateFeatureId":{"type":"string"},"Title":{"type":"string"}}}}}}},"Create_Menu_Lookup_Column":{"runAfter":{"Parse_MyMenuItems_List":["Succeeded"]},"metadata":{"operationMetadataId":"86b9b395-05a1-45fb-89ac-3c6dc84a9f90"},"type":"OpenApiConnection","inputs":{"host":{"connectionName":"shared_sharepointonline","operationId":"HttpRequest","apiId":"/providers/Microsoft.PowerApps/apis/shared_sharepointonline"},"parameters":{"dataset":"@parameters('SharePoint URL')","parameters/method":"POST","parameters/uri":"_api/web/lists(guid'@{body('Parse_MyMenuItems_List')?['d']?['Id']}')/fields/addfield","parameters/headers":{"accept":"application/json;odata=verbose","content-type":"application/json;odata=verbose"},"parameters/body":"{ 'parameters': { '__metadata': { 'type': 'SP.FieldCreationInformation' }, 'FieldTypeKind': 7,\n    'Title': 'Menu', 'LookupListId': '@{body('Parse_MyMenus_List')?['d']?['Id']}',\n    'LookupFieldName': 'Title' } }"},"authentication":{"type":"Raw","value":"@json(decodeBase64(triggerOutputs().headers['X-MS-APIM-Tokens']))['$ConnectionKey']"}}},"Parse_JSON":{"runAfter":{"Create_Menu_Lookup_Column":["Succeeded"]},"metadata":{"operationMetadataId":"ca532c57-f3b6-477a-af2f-1686aed5062f"},"type":"ParseJson","inputs":{"content":"@outputs('Create_Menu_Lookup_Column')?['body']","schema":{"type":"object","properties":{"d":{"type":"object","properties":{"__metadata":{"type":"object","properties":{"id":{"type":"string"},"uri":{"type":"string"},"type":{"type":"string"}}},"DescriptionResource":{"type":"object","properties":{"__deferred":{"type":"object","properties":{"uri":{"type":"string"}}}}},"TitleResource":{"type":"object","properties":{"__deferred":{"type":"object","properties":{"uri":{"type":"string"}}}}},"AutoIndexed":{"type":"boolean"},"CanBeDeleted":{"type":"boolean"},"ClientSideComponentId":{"type":"string"},"ClientSideComponentProperties":{},"ClientValidationFormula":{},"ClientValidationMessage":{},"CustomFormatter":{},"DefaultFormula":{},"DefaultValue":{},"Description":{"type":"string"},"Direction":{"type":"string"},"EnforceUniqueValues":{"type":"boolean"},"EntityPropertyName":{"type":"string"},"Filterable":{"type":"boolean"},"FromBaseType":{"type":"boolean"},"Group":{"type":"string"},"Hidden":{"type":"boolean"},"Id":{"type":"string"},"Indexed":{"type":"boolean"},"IndexStatus":{"type":"integer"},"InternalName":{"type":"string"},"IsModern":{"type":"boolean"},"JSLink":{"type":"string"},"PinnedToFiltersPane":{"type":"boolean"},"ReadOnlyField":{"type":"boolean"},"Required":{"type":"boolean"},"SchemaXml":{"type":"string"},"Scope":{"type":"string"},"Sealed":{"type":"boolean"},"ShowInFiltersPane":{"type":"integer"},"Sortable":{"type":"boolean"},"StaticName":{"type":"string"},"Title":{"type":"string"},"FieldTypeKind":{"type":"integer"},"TypeAsString":{"type":"string"},"TypeDisplayName":{"type":"string"},"TypeShortDescription":{"type":"string"},"ValidationFormula":{},"ValidationMessage":{},"AllowMultipleValues":{"type":"boolean"},"DependentLookupInternalNames":{"type":"object","properties":{"__metadata":{"type":"object","properties":{"type":{"type":"string"}}},"results":{"type":"array"}}},"IsDependentLookup":{"type":"boolean"},"IsRelationship":{"type":"boolean"},"LookupField":{"type":"string"},"LookupList":{"type":"string"},"LookupWebId":{"type":"string"},"PrimaryFieldId":{},"RelationshipDeleteBehavior":{"type":"integer"},"UnlimitedLengthInDocumentLibrary":{"type":"boolean"}}}}}}},"Add_Menu_to_Default_View":{"runAfter":{"Parse_JSON":["Succeeded"]},"metadata":{"operationMetadataId":"d8f4f544-f2e7-4472-9bbe-b82b74bafdca"},"type":"OpenApiConnection","inputs":{"host":{"connectionName":"shared_sharepointonline","operationId":"HttpRequest","apiId":"/providers/Microsoft.PowerApps/apis/shared_sharepointonline"},"parameters":{"dataset":"@parameters('SharePoint URL')","parameters/method":"POST","parameters/uri":"_api/web/Lists/getByTitle('MyMenuItems')/views/GetByTitle('All%20Items')/ViewFields/AddViewField('Menu')"},"authentication":{"type":"Raw","value":"@json(decodeBase64(triggerOutputs().headers['X-MS-APIM-Tokens']))['$ConnectionKey']"}}},"Create_Tab_Column":{"runAfter":{"Create_DarkColor_2":["Succeeded"]},"metadata":{"operationMetadataId":"05196b89-0f10-4045-a876-ffdb342f6e84"},"type":"OpenApiConnection","inputs":{"host":{"connectionName":"shared_sharepointonline","operationId":"HttpRequest","apiId":"/providers/Microsoft.PowerApps/apis/shared_sharepointonline"},"parameters":{"dataset":"@parameters('SharePoint URL')","parameters/method":"POST","parameters/uri":"_api/lists/getbytitle('MyMenuItems')/fields","parameters/headers":{"accept":"application/json;odata=verbose","content-type":"application/json;odata=verbose"},"parameters/body":"{\n    '__metadata': {'type':'SP.Field', 'addToDefaultView': 'true' },\n    'FieldTypeKind': 2,\n    'Title': 'Tab'\n}"},"authentication":{"type":"Raw","value":"@json(decodeBase64(triggerOutputs().headers['X-MS-APIM-Tokens']))['$ConnectionKey']"}}},"Create_Screen":{"runAfter":{"Create_Tab_Column":["Succeeded"]},"metadata":{"operationMetadataId":"a20bb5d9-ac1b-479f-962e-95be391fb216"},"type":"OpenApiConnection","inputs":{"host":{"connectionName":"shared_sharepointonline","operationId":"HttpRequest","apiId":"/providers/Microsoft.PowerApps/apis/shared_sharepointonline"},"parameters":{"dataset":"@parameters('SharePoint URL')","parameters/method":"POST","parameters/uri":"_api/lists/getbytitle('MyMenuItems')/fields","parameters/headers":{"accept":"application/json;odata=verbose","content-type":"application/json;odata=verbose"},"parameters/body":"{\n    '__metadata': {'type':'SP.Field', 'addToDefaultView': 'true' },\n    'FieldTypeKind': 2,\n    'Title': 'Screen'\n}"},"authentication":{"type":"Raw","value":"@json(decodeBase64(triggerOutputs().headers['X-MS-APIM-Tokens']))['$ConnectionKey']"}}},"Create_ID":{"runAfter":{"Create_Screen":["Succeeded"]},"metadata":{"operationMetadataId":"977bc550-8ce5-492b-a12d-1ca72ee54d3c"},"type":"OpenApiConnection","inputs":{"host":{"connectionName":"shared_sharepointonline","operationId":"HttpRequest","apiId":"/providers/Microsoft.PowerApps/apis/shared_sharepointonline"},"parameters":{"dataset":"@parameters('SharePoint URL')","parameters/method":"POST","parameters/uri":"_api/lists/getbytitle('MyMenuItems')/fields","parameters/headers":{"accept":"application/json;odata=verbose","content-type":"application/json;odata=verbose"},"parameters/body":"{\n    '__metadata': {'type':'SP.Field', 'addToDefaultView': 'true' },\n    'FieldTypeKind': 9,\n    'Title': 'ItemID'\n}\n"},"authentication":{"type":"Raw","value":"@json(decodeBase64(triggerOutputs().headers['X-MS-APIM-Tokens']))['$ConnectionKey']"}}},"Create_Parent":{"runAfter":{"Create_ID":["Succeeded"]},"metadata":{"operationMetadataId":"6e69d75c-d4a7-4c1e-acde-1e6e5dcd0599"},"type":"OpenApiConnection","inputs":{"host":{"connectionName":"shared_sharepointonline","operationId":"HttpRequest","apiId":"/providers/Microsoft.PowerApps/apis/shared_sharepointonline"},"parameters":{"dataset":"@parameters('SharePoint URL')","parameters/method":"POST","parameters/uri":"_api/lists/getbytitle('MyMenuItems')/fields","parameters/headers":{"accept":"application/json;odata=verbose","content-type":"application/json;odata=verbose"},"parameters/body":"{\n    '__metadata': {'type':'SP.Field', 'addToDefaultView': 'true' },\n    'FieldTypeKind': 9,\n    'Title': 'ParentItem'\n}"},"authentication":{"type":"Raw","value":"@json(decodeBase64(triggerOutputs().headers['X-MS-APIM-Tokens']))['$ConnectionKey']"}}},"Create_Icon":{"runAfter":{"Create_Parent":["Succeeded"]},"metadata":{"operationMetadataId":"4e4f617c-b991-4fb9-b501-88afe0d7534c"},"type":"OpenApiConnection","inputs":{"host":{"connectionName":"shared_sharepointonline","operationId":"HttpRequest","apiId":"/providers/Microsoft.PowerApps/apis/shared_sharepointonline"},"parameters":{"dataset":"@parameters('SharePoint URL')","parameters/method":"POST","parameters/uri":"_api/lists/getbytitle('MyMenuItems')/fields","parameters/headers":{"accept":"application/json;odata=verbose","content-type":"application/json;odata=verbose"},"parameters/body":"{\n    '__metadata': {'type':'SP.Field', 'addToDefaultView': 'true' },\n    'FieldTypeKind': 3,\n   'Title': 'Icon'\n}"},"authentication":{"type":"Raw","value":"@json(decodeBase64(triggerOutputs().headers['X-MS-APIM-Tokens']))['$ConnectionKey']"}}},"Create_DarkIcon":{"runAfter":{"Create_Icon":["Succeeded"]},"metadata":{"operationMetadataId":"da316b16-275e-4a58-817f-388d72527463"},"type":"OpenApiConnection","inputs":{"host":{"connectionName":"shared_sharepointonline","operationId":"HttpRequest","apiId":"/providers/Microsoft.PowerApps/apis/shared_sharepointonline"},"parameters":{"dataset":"@parameters('SharePoint URL')","parameters/method":"POST","parameters/uri":"_api/lists/getbytitle('MyMenuItems')/fields","parameters/headers":{"accept":"application/json;odata=verbose","content-type":"application/json;odata=verbose"},"parameters/body":"{\n    '__metadata': {'type':'SP.Field', 'addToDefaultView': 'true' },\n    'FieldTypeKind': 3,\n   'Title': 'DarkIcon'\n}"},"authentication":{"type":"Raw","value":"@json(decodeBase64(triggerOutputs().headers['X-MS-APIM-Tokens']))['$ConnectionKey']"}}},"Create_SubItems":{"runAfter":{"Create_DarkIcon":["Succeeded"]},"metadata":{"operationMetadataId":"755a9163-644a-4cfb-bfaf-d18ca49651d9"},"type":"OpenApiConnection","inputs":{"host":{"connectionName":"shared_sharepointonline","operationId":"HttpRequest","apiId":"/providers/Microsoft.PowerApps/apis/shared_sharepointonline"},"parameters":{"dataset":"@parameters('SharePoint URL')","parameters/method":"POST","parameters/uri":"_api/lists/getbytitle('MyMenuItems')/fields","parameters/headers":{"accept":"application/json;odata=verbose","content-type":"application/json;odata=verbose"},"parameters/body":"{\n    '__metadata': {'type':'SP.Field', 'addToDefaultView': 'true' },\n    'FieldTypeKind': 8,\n   'Title': 'SubItems'\n}"},"authentication":{"type":"Raw","value":"@json(decodeBase64(triggerOutputs().headers['X-MS-APIM-Tokens']))['$ConnectionKey']"}}},"Apply_to_each":{"foreach":"@variables('MyMenuItemsColumns')","actions":{"Send_an_HTTP_request_to_SharePoint":{"runAfter":{},"metadata":{"operationMetadataId":"68c3bd67-b438-401e-b41c-49132bb44432"},"type":"OpenApiConnection","inputs":{"host":{"connectionName":"shared_sharepointonline","operationId":"HttpRequest","apiId":"/providers/Microsoft.PowerApps/apis/shared_sharepointonline"},"parameters":{"dataset":"@parameters('SharePoint URL')","parameters/method":"POST","parameters/uri":"_api/web/Lists/getByTitle('MyMenuItems')/views/GetByTitle('All%20Items')/ViewFields/AddViewField('@{items('Apply_to_each')}')"},"authentication":{"type":"Raw","value":"@json(decodeBase64(triggerOutputs().headers['X-MS-APIM-Tokens']))['$ConnectionKey']"}}}},"runAfter":{"Create_Command":["Succeeded"]},"metadata":{"operationMetadataId":"8621daf0-6424-4a14-9f17-5d4963fddd89"},"type":"Foreach"},"MenuText":{"runAfter":{"Add_Menu_to_Default_View":["Succeeded"]},"metadata":{"operationMetadataId":"dca81555-c37a-4ccd-85db-89552a8c3e49"},"type":"OpenApiConnection","inputs":{"host":{"connectionName":"shared_sharepointonline","operationId":"HttpRequest","apiId":"/providers/Microsoft.PowerApps/apis/shared_sharepointonline"},"parameters":{"dataset":"@parameters('SharePoint URL')","parameters/method":"POST","parameters/uri":"_api/lists/getbytitle('MyMenuItems')/fields","parameters/headers":{"accept":"application/json;odata=verbose","content-type":"application/json;odata=verbose"},"parameters/body":"{\n    '__metadata': {'type':'SP.Field', 'addToDefaultView': 'true' },\n    'FieldTypeKind': 2,\n    'Title': 'MenuText'\n}"},"authentication":{"type":"Raw","value":"@json(decodeBase64(triggerOutputs().headers['X-MS-APIM-Tokens']))['$ConnectionKey']"}}},"Create_LightColor_2":{"runAfter":{"MenuText":["Succeeded"]},"metadata":{"operationMetadataId":"2c3d6591-6da7-4be7-9d74-dd021eaedab9"},"type":"OpenApiConnection","inputs":{"host":{"connectionName":"shared_sharepointonline","operationId":"HttpRequest","apiId":"/providers/Microsoft.PowerApps/apis/shared_sharepointonline"},"parameters":{"dataset":"@parameters('SharePoint URL')","parameters/method":"POST","parameters/uri":"_api/lists/getbytitle('MyMenuItems')/fields","parameters/headers":{"accept":"application/json;odata=verbose","content-type":"application/json;odata=verbose"},"parameters/body":"{\n    '__metadata': {'type':'SP.Field', 'addToDefaultView': 'true' },\n    'FieldTypeKind': 2,\n    'Title': 'LightColor'\n}"},"authentication":{"type":"Raw","value":"@json(decodeBase64(triggerOutputs().headers['X-MS-APIM-Tokens']))['$ConnectionKey']"}}},"Create_DarkColor_2":{"runAfter":{"Create_LightColor_2":["Succeeded"]},"metadata":{"operationMetadataId":"91a0783f-f387-445b-b64e-32ddedeffa2d"},"type":"OpenApiConnection","inputs":{"host":{"connectionName":"shared_sharepointonline","operationId":"HttpRequest","apiId":"/providers/Microsoft.PowerApps/apis/shared_sharepointonline"},"parameters":{"dataset":"@parameters('SharePoint URL')","parameters/method":"POST","parameters/uri":"_api/lists/getbytitle('MyMenuItems')/fields","parameters/headers":{"accept":"application/json;odata=verbose","content-type":"application/json;odata=verbose"},"parameters/body":"{\n    '__metadata': {'type':'SP.Field', 'addToDefaultView': 'true' },\n    'FieldTypeKind': 2,\n    'Title': 'DarkColor'\n}"},"authentication":{"type":"Raw","value":"@json(decodeBase64(triggerOutputs().headers['X-MS-APIM-Tokens']))['$ConnectionKey']"}}},"Create_Expanded":{"runAfter":{"Create_SubItems":["Succeeded"]},"metadata":{"operationMetadataId":"f963b851-ef47-4e4e-af2e-8b20f06c2f27"},"type":"OpenApiConnection","inputs":{"host":{"connectionName":"shared_sharepointonline","operationId":"HttpRequest","apiId":"/providers/Microsoft.PowerApps/apis/shared_sharepointonline"},"parameters":{"dataset":"@parameters('SharePoint URL')","parameters/method":"POST","parameters/uri":"_api/lists/getbytitle('MyMenuItems')/fields","parameters/headers":{"accept":"application/json;odata=verbose","content-type":"application/json;odata=verbose"},"parameters/body":"{\n    '__metadata': {'type':'SP.Field', 'addToDefaultView': 'true' },\n    'FieldTypeKind': 8,\n   'Title': 'Expanded'\n}"},"authentication":{"type":"Raw","value":"@json(decodeBase64(triggerOutputs().headers['X-MS-APIM-Tokens']))['$ConnectionKey']"}}},"Create_Command":{"runAfter":{"Create_Expanded":["Succeeded"]},"metadata":{"operationMetadataId":"6521d810-8ce3-4ea3-a479-d466b9d07d07"},"type":"OpenApiConnection","inputs":{"host":{"connectionName":"shared_sharepointonline","operationId":"HttpRequest","apiId":"/providers/Microsoft.PowerApps/apis/shared_sharepointonline"},"parameters":{"dataset":"@parameters('SharePoint URL')","parameters/method":"POST","parameters/uri":"_api/lists/getbytitle('MyMenuItems')/fields","parameters/headers":{"accept":"application/json;odata=verbose","content-type":"application/json;odata=verbose"},"parameters/body":"{\n    '__metadata': {'type':'SP.Field', 'addToDefaultView': 'true' },\n    'FieldTypeKind': 2,\n    'Title': 'Command'\n}"},"authentication":{"type":"Raw","value":"@json(decodeBase64(triggerOutputs().headers['X-MS-APIM-Tokens']))['$ConnectionKey']"}}}},"runAfter":{"MyMenus":["Succeeded","Failed"]},"metadata":{"operationMetadataId":"2711acb6-4d6e-490f-8b89-da64db0d5bf4"},"type":"Scope"},"Initialize_MyMenuItemsColumns":{"runAfter":{"Initialize_MyMenusColumns":["Succeeded"]},"metadata":{"operationMetadataId":"88646461-dad8-490b-a433-867ec20a9f1c"},"type":"InitializeVariable","inputs":{"variables":[{"name":"MyMenuItemsColumns","type":"array","value":["ItemID","MenuText","Tab","ParentItem","SubItems","Icon","DarkIcon","Screen","DarkColor","LightColor","Expanded"]}]}},"MyFavouriteIcons":{"actions":{"Send_MyFavouriteIcons":{"runAfter":{},"metadata":{"operationMetadataId":"588c0318-6dde-4891-9c27-efd713bc47bc"},"type":"OpenApiConnection","inputs":{"host":{"connectionName":"shared_sharepointonline","operationId":"HttpRequest","apiId":"/providers/Microsoft.PowerApps/apis/shared_sharepointonline"},"parameters":{"dataset":"@parameters('SharePoint URL')","parameters/method":"POST","parameters/uri":"/_api/web/lists","parameters/headers":{"Accept":"application/json;odata=verbose","Content-Type":"application/json;odata=verbose"},"parameters/body":"{\n  \"__metadata\": {\"type\": \"SP.List\"},\n  \"AllowContentTypes\": true,\n  \"BaseTemplate\": 100,\n \"Description\": \"This list stores favorite icons\",\n \"Title\": \"MyFavouriteIcons\"\n}"},"authentication":{"type":"Raw","value":"@json(decodeBase64(triggerOutputs().headers['X-MS-APIM-Tokens']))['$ConnectionKey']"}}},"Parse_MyFavouriteIcons_List":{"runAfter":{"Send_MyFavouriteIcons":["Succeeded"]},"metadata":{"operationMetadataId":"4742552c-d3dd-47af-87fa-d9532be2d8ea"},"type":"ParseJson","inputs":{"content":"@outputs('Send_MyFavouriteIcons')?['body']","schema":{"type":"object","properties":{"d":{"type":"object","properties":{"__metadata":{"type":"object","properties":{"id":{"type":"string"},"uri":{"type":"string"},"etag":{"type":"string"},"type":{"type":"string"}}},"FirstUniqueAncestorSecurableObject":{"type":"object","properties":{"__deferred":{"type":"object","properties":{"uri":{"type":"string"}}}}},"RoleAssignments":{"type":"object","properties":{"__deferred":{"type":"object","properties":{"uri":{"type":"string"}}}}},"Author":{"type":"object","properties":{"__deferred":{"type":"object","properties":{"uri":{"type":"string"}}}}},"ContentTypes":{"type":"object","properties":{"__deferred":{"type":"object","properties":{"uri":{"type":"string"}}}}},"CreatablesInfo":{"type":"object","properties":{"__deferred":{"type":"object","properties":{"uri":{"type":"string"}}}}},"DefaultView":{"type":"object","properties":{"__deferred":{"type":"object","properties":{"uri":{"type":"string"}}}}},"DescriptionResource":{"type":"object","properties":{"__deferred":{"type":"object","properties":{"uri":{"type":"string"}}}}},"EventReceivers":{"type":"object","properties":{"__deferred":{"type":"object","properties":{"uri":{"type":"string"}}}}},"Fields":{"type":"object","properties":{"__deferred":{"type":"object","properties":{"uri":{"type":"string"}}}}},"Forms":{"type":"object","properties":{"__deferred":{"type":"object","properties":{"uri":{"type":"string"}}}}},"InformationRightsManagementSettings":{"type":"object","properties":{"__deferred":{"type":"object","properties":{"uri":{"type":"string"}}}}},"Items":{"type":"object","properties":{"__deferred":{"type":"object","properties":{"uri":{"type":"string"}}}}},"ParentWeb":{"type":"object","properties":{"__deferred":{"type":"object","properties":{"uri":{"type":"string"}}}}},"RootFolder":{"type":"object","properties":{"__deferred":{"type":"object","properties":{"uri":{"type":"string"}}}}},"Subscriptions":{"type":"object","properties":{"__deferred":{"type":"object","properties":{"uri":{"type":"string"}}}}},"TitleResource":{"type":"object","properties":{"__deferred":{"type":"object","properties":{"uri":{"type":"string"}}}}},"UserCustomActions":{"type":"object","properties":{"__deferred":{"type":"object","properties":{"uri":{"type":"string"}}}}},"Views":{"type":"object","properties":{"__deferred":{"type":"object","properties":{"uri":{"type":"string"}}}}},"WorkflowAssociations":{"type":"object","properties":{"__deferred":{"type":"object","properties":{"uri":{"type":"string"}}}}},"AllowContentTypes":{"type":"boolean"},"BaseTemplate":{"type":"integer"},"BaseType":{"type":"integer"},"ContentTypesEnabled":{"type":"boolean"},"CrawlNonDefaultViews":{"type":"boolean"},"Created":{"type":"string"},"CurrentChangeToken":{"type":"object","properties":{"__metadata":{"type":"object","properties":{"type":{"type":"string"}}},"StringValue":{"type":"string"}}},"DefaultContentApprovalWorkflowId":{"type":"string"},"DefaultItemOpenUseListSetting":{"type":"boolean"},"Description":{"type":"string"},"Direction":{"type":"string"},"DisableCommenting":{"type":"boolean"},"DisableGridEditing":{"type":"boolean"},"DocumentTemplateUrl":{},"DraftVersionVisibility":{"type":"integer"},"EnableAttachments":{"type":"boolean"},"EnableFolderCreation":{"type":"boolean"},"EnableMinorVersions":{"type":"boolean"},"EnableModeration":{"type":"boolean"},"EnableRequestSignOff":{"type":"boolean"},"EnableVersioning":{"type":"boolean"},"EntityTypeName":{"type":"string"},"ExemptFromBlockDownloadOfNonViewableFiles":{"type":"boolean"},"FileSavePostProcessingEnabled":{"type":"boolean"},"ForceCheckout":{"type":"boolean"},"HasExternalDataSource":{"type":"boolean"},"Hidden":{"type":"boolean"},"Id":{"type":"string"},"ImagePath":{"type":"object","properties":{"__metadata":{"type":"object","properties":{"type":{"type":"string"}}},"DecodedUrl":{"type":"string"}}},"ImageUrl":{"type":"string"},"IrmEnabled":{"type":"boolean"},"IrmExpire":{"type":"boolean"},"IrmReject":{"type":"boolean"},"IsApplicationList":{"type":"boolean"},"IsCatalog":{"type":"boolean"},"IsPrivate":{"type":"boolean"},"ItemCount":{"type":"integer"},"LastItemDeletedDate":{"type":"string"},"LastItemModifiedDate":{"type":"string"},"LastItemUserModifiedDate":{"type":"string"},"ListExperienceOptions":{"type":"integer"},"ListItemEntityTypeFullName":{"type":"string"},"MajorVersionLimit":{"type":"integer"},"MajorWithMinorVersionsLimit":{"type":"integer"},"MultipleDataList":{"type":"boolean"},"NoCrawl":{"type":"boolean"},"ParentWebPath":{"type":"object","properties":{"__metadata":{"type":"object","properties":{"type":{"type":"string"}}},"DecodedUrl":{"type":"string"}}},"ParentWebUrl":{"type":"string"},"ParserDisabled":{"type":"boolean"},"ServerTemplateCanCreateFolders":{"type":"boolean"},"TemplateFeatureId":{"type":"string"},"Title":{"type":"string"}}}}}}},"LightColor":{"runAfter":{"DarkColor":["Succeeded"]},"metadata":{"operationMetadataId":"c980f216-1178-4602-8db5-c8558681c45d"},"type":"OpenApiConnection","inputs":{"host":{"connectionName":"shared_sharepointonline","operationId":"HttpRequest","apiId":"/providers/Microsoft.PowerApps/apis/shared_sharepointonline"},"parameters":{"dataset":"@parameters('SharePoint URL')","parameters/method":"POST","parameters/uri":"_api/lists/getbytitle('MyFavouriteIcons')/fields","parameters/headers":{"Accept":"application/json;odata=verbose","Content-Type":"application/json;odata=verbose"},"parameters/body":"{\n    '__metadata': {'type':'SP.Field', 'addToDefaultView': 'true' },\n    'FieldTypeKind': 2,\n    'Title': 'LightColor'\n}"},"authentication":{"type":"Raw","value":"@json(decodeBase64(triggerOutputs().headers['X-MS-APIM-Tokens']))['$ConnectionKey']"}}},"IconSet":{"runAfter":{"LightColor":["Succeeded"]},"metadata":{"operationMetadataId":"a861abd8-686c-4a2c-9e12-a5058b15746c"},"type":"OpenApiConnection","inputs":{"host":{"connectionName":"shared_sharepointonline","operationId":"HttpRequest","apiId":"/providers/Microsoft.PowerApps/apis/shared_sharepointonline"},"parameters":{"dataset":"@parameters('SharePoint URL')","parameters/method":"POST","parameters/uri":"_api/lists/getbytitle('MyFavouriteIcons')/fields","parameters/headers":{"Accept":"application/json;odata=verbose","Content-Type":"application/json;odata=verbose"},"parameters/body":"{\n    '__metadata': {'type':'SP.Field', 'addToDefaultView': 'true' },\n    'FieldTypeKind': 2,\n    'Title': 'IconSet'\n}"},"authentication":{"type":"Raw","value":"@json(decodeBase64(triggerOutputs().headers['X-MS-APIM-Tokens']))['$ConnectionKey']"}}},"CreatorEmail":{"runAfter":{"IconSet":["Succeeded"]},"metadata":{"operationMetadataId":"4c24edb6-a406-4e5a-a9b8-0b4b7afa034e"},"type":"OpenApiConnection","inputs":{"host":{"connectionName":"shared_sharepointonline","operationId":"HttpRequest","apiId":"/providers/Microsoft.PowerApps/apis/shared_sharepointonline"},"parameters":{"dataset":"@parameters('SharePoint URL')","parameters/method":"POST","parameters/uri":"_api/lists/getbytitle('MyFavouriteIcons')/fields","parameters/headers":{"Accept":"application/json;odata=verbose","Content-Type":"application/json;odata=verbose"},"parameters/body":"{\n    '__metadata': {'type':'SP.Field', 'addToDefaultView': 'true' },\n    'FieldTypeKind': 2,\n   'Title': 'CreatorEmail'\n}"},"authentication":{"type":"Raw","value":"@json(decodeBase64(triggerOutputs().headers['X-MS-APIM-Tokens']))['$ConnectionKey']"}}},"DarkColor":{"runAfter":{"Parse_MyFavouriteIcons_List":["Succeeded"]},"metadata":{"operationMetadataId":"e827c2f2-455d-4755-a258-ba14f56f25b1"},"type":"OpenApiConnection","inputs":{"host":{"connectionName":"shared_sharepointonline","operationId":"HttpRequest","apiId":"/providers/Microsoft.PowerApps/apis/shared_sharepointonline"},"parameters":{"dataset":"@parameters('SharePoint URL')","parameters/method":"POST","parameters/uri":"_api/lists/getbytitle('MyFavouriteIcons')/fields","parameters/headers":{"Accept":"application/json;odata=verbose","Content-Type":"application/json;odata=verbose"},"parameters/body":"{\n    '__metadata': {'type':'SP.Field', 'addToDefaultView': 'true' },\n    'FieldTypeKind': 2,\n    'Title': 'DarkColor'\n}"},"authentication":{"type":"Raw","value":"@json(decodeBase64(triggerOutputs().headers['X-MS-APIM-Tokens']))['$ConnectionKey']"}}},"Apply_to_each_3":{"foreach":"@variables('MyFavouriteIcons')","actions":{"Send_an_HTTP_request_to_SharePoint_5":{"runAfter":{},"metadata":{"operationMetadataId":"8be8b658-2052-4088-b507-966a19270e32"},"type":"OpenApiConnection","inputs":{"host":{"connectionName":"shared_sharepointonline","operationId":"HttpRequest","apiId":"/providers/Microsoft.PowerApps/apis/shared_sharepointonline"},"parameters":{"dataset":"@parameters('SharePoint URL')","parameters/method":"POST","parameters/uri":"_api/web/Lists/getByTitle('MyFavouriteIcons')/views/GetByTitle('All%20Items')/ViewFields/AddViewField('@{items('Apply_to_each_3')}')"},"authentication":{"type":"Raw","value":"@json(decodeBase64(triggerOutputs().headers['X-MS-APIM-Tokens']))['$ConnectionKey']"}}}},"runAfter":{"CreatorEmail":["Succeeded"]},"metadata":{"operationMetadataId":"aeb70d63-4dec-42a8-b3fb-d2b6fe8076fb"},"type":"Foreach"}},"runAfter":{"MyMenuItems":["Succeeded","Failed"]},"metadata":{"operationMetadataId":"eba3c830-51ca-4e0a-96d5-b14ac96c2f5d"},"type":"Scope"},"Initialize_MyMenusColumns":{"runAfter":{},"metadata":{"operationMetadataId":"839a2307-fd63-4c64-b4a2-99d59c69c678"},"type":"InitializeVariable","inputs":{"variables":[{"name":"MyMenusColumns","type":"array","value":["DarkColor","LightColor","CreatorEmail"]}]}},"Initialize_MyFavouriteIcons":{"runAfter":{"Initialize_MyMenuItemsColumns":["Succeeded"]},"metadata":{"operationMetadataId":"23fc909b-75fa-49f1-aeeb-02260d87dd81"},"type":"InitializeVariable","inputs":{"variables":[{"name":"MyFavouriteIcons","type":"array","value":["IconSet","LightColor","DarkColor","CreatorEmail"]}]}}},"outputs":{}}},"schemaVersion":"1.0.0.0"}