<ImportExportXml xmlns:xsi="http://www.w3.org/2001/XMLSchema-instance">
  <Entities></Entities>
  <Roles></Roles>
  <Workflows>
    <Workflow WorkflowId="{547f72a3-70b0-eb11-8236-002248418460}" Name="Icon Menu Builder - Sharepoint Setup">
      <JsonFileName>/Workflows/IconMenuBuilder-SharepointSetup-547F72A3-70B0-EB11-8236-002248418460.json</JsonFileName>
      <Type>1</Type>
      <Subprocess>0</Subprocess>
      <Category>5</Category>
      <Mode>0</Mode>
      <Scope>4</Scope>
      <OnDemand>0</OnDemand>
      <TriggerOnCreate>0</TriggerOnCreate>
      <TriggerOnDelete>0</TriggerOnDelete>
      <AsyncAutodelete>0</AsyncAutodelete>
      <SyncWorkflowLogOnFailure>0</SyncWorkflowLogOnFailure>
      <StateCode>0</StateCode>
      <StatusCode>1</StatusCode>
      <RunAs>1</RunAs>
      <IsTransacted>1</IsTransacted>
      <IntroducedVersion>1.0.0.10</IntroducedVersion>
      <IsCustomizable>1</IsCustomizable>
      <IsCustomProcessingStepAllowedForOtherPublishers>1</IsCustomProcessingStepAllowedForOtherPublishers>
      <PrimaryEntity>none</PrimaryEntity>
      <LocalizedNames>
        <LocalizedName languagecode="1033" description="Icon Menu Builder - Sharepoint Setup" />
      </LocalizedNames>
    </Workflow>
  </Workflows>
  <FieldSecurityProfiles></FieldSecurityProfiles>
  <Templates />
  <EntityMaps />
  <EntityRelationships />
  <OrganizationSettings />
  <optionsets />
  <CustomControls />
  <EntityDataProviders />
  <CanvasApps>
    <CanvasApp>
      <Name>pp_iconmenubuilderv2_b64c4</Name>
      <AppVersion>2022-01-08T07:38:14Z</AppVersion>
      <Status>Ready</Status>
      <CreatedByClientVersion>3.21115.37.0</CreatedByClientVersion>
      <MinClientVersion>3.21115.37.0</MinClientVersion>
      <Tags>{"primaryDeviceWidth":"1920","primaryDeviceHeight":"1080","sienaVersion":"b55004c9-396e-4b75-b9f2-bc9b666f0460","deviceCapabilities":"","supportsPortrait":"false","supportsLandscape":"true","primaryFormFactor":"Tablet","publisherVersion":"3.21115.37","minimumRequiredApiVersion":"2.2.0","hasComponent":"true","hasUnlockedComponent":"true","isUnifiedRootApp":"false"}</Tags>
      <IsCdsUpgraded>0</IsCdsUpgraded>
      <GalleryItemId xsi:nil="true"></GalleryItemId>
      <BackgroundColor>rgba(129, 42, 141, 1)</BackgroundColor>
      <DisplayName>Icon Menu Builder v2</DisplayName>
      <Description xsi:nil="true"></Description>
      <CommitMessage xsi:nil="true"></CommitMessage>
      <Publisher xsi:nil="true"></Publisher>
      <AuthorizationReferences>[]</AuthorizationReferences>
      <ConnectionReferences>{"2a26db54-4005-4dc0-ae4d-82c2d61f5f92":{"id":"/providers/microsoft.powerapps/apis/shared_office365users","displayName":"Office 365 Users","iconUri":"https://connectoricons-prod.azureedge.net/releases/v1.0.1542/1.0.1542.2635/office365users/icon.png","dataSources":["Office365Users"],"dependencies":[],"dependents":[],"parameterHints":{},"parameterHintsV2":{},"isOnPremiseConnection":false,"bypassConsent":false,"dataSets":{},"apiTier":"Standard"},"4156e0a8-e6a6-4eda-b7d6-13d4a6a72e0f":{"id":"/providers/microsoft.powerapps/apis/shared_sharepointonline","displayName":"SharePoint","iconUri":"https://connectoricons-prod.azureedge.net/releases/v1.0.1539/1.0.1539.2620/sharepointonline/icon.png","dataSources":["MyFavouriteIcons","MyMenuItems","MyMenus"],"dependencies":[],"dependents":[],"parameterHints":{},"parameterHintsV2":{},"isOnPremiseConnection":false,"bypassConsent":false,"dataSets":{"https://pensplace.sharepoint.com/sites/IconMenuBuilder":{"datasetOverride":{"name":"https://pensplace.sharepoint.com/sites/IconMenuBuilder","environmentVariableName":"pp_SharePointURL"},"dataSources":{"MyFavouriteIcons":{"tableName":"a628b682-5bf2-4ce1-b62b-bcc0158978f2","tableNameOverride":{"name":"a628b682-5bf2-4ce1-b62b-bcc0158978f2","environmentVariableName":"pp_shared_sharepointonline_6083e4336493421db46879be135108f8"}},"MyMenuItems":{"tableName":"fce409c7-f656-4ecd-b992-b3697b446d4b","tableNameOverride":{"name":"fce409c7-f656-4ecd-b992-b3697b446d4b","environmentVariableName":"pp_shared_sharepointonline_de21884916ed4bb99483d156e9f24e1d"}},"MyMenus":{"tableName":"42c96d51-056f-4390-bf63-fed120a7b4c6","tableNameOverride":{"name":"42c96d51-056f-4390-bf63-fed120a7b4c6","environmentVariableName":"pp_shared_sharepointonline_c237e0bb557f4c5393e7eac411d2532b"}}}}},"apiTier":"Standard","actions":["providers/PowerPlatform.Governance/Operations/Read","providers/PowerPlatform.Governance/Operations/Write","providers/PowerPlatform.Governance/Operations/Delete"]}}</ConnectionReferences>
      <DatabaseReferences>{"default.cds":{"databaseDetails":{"referenceType":"Environmental","environmentName":"default.cds","overrideValues":{"status":"NotSpecified"}},"dataSources":{},"components":[{"componentName":"CustomControl","identifier":"raw_RAW.ColorPicker.ColorPicker","identifierType":"LogicalName","capabilities":{"pcfExternalServiceUsageAllowed":false}},{"componentName":"CustomControl","identifier":"raw_RAW.ColorPicker.ColorPicker","identifierType":"LogicalName","capabilities":{"pcfExternalServiceUsageAllowed":false}},{"componentName":"CustomControl","identifier":"raw_RAW.CanvasFileUploader","identifierType":"LogicalName","capabilities":{"pcfExternalServiceUsageAllowed":false}},{"componentName":"CustomControl","identifier":"tbag_CanvizLLCPCF.PCFCopyTextComponent","identifierType":"LogicalName","capabilities":{"pcfExternalServiceUsageAllowed":false}},{"componentName":"CustomControl","identifier":"tbag_CanvizLLCPCF.PCFCopyTextComponent","identifierType":"LogicalName","capabilities":{"pcfExternalServiceUsageAllowed":false}},{"componentName":"CustomControl","identifier":"raw_RAW.CanvasFileDownloader","identifierType":"LogicalName","capabilities":{"pcfExternalServiceUsageAllowed":false}}]}}</DatabaseReferences>
      <AppComponents>[]</AppComponents>
      <AppComponentDependencies>[]</AppComponentDependencies>
      <CanConsumeAppPass>1</CanConsumeAppPass>
      <CanvasAppType>0</CanvasAppType>
      <BypassConsent>0</BypassConsent>
      <AdminControlBypassConsent>0</AdminControlBypassConsent>
      <EmbeddedApp xsi:nil="true"></EmbeddedApp>
      <IntroducedVersion>1.0</IntroducedVersion>
      <CdsDependencies>{"cdsdependencies":[{"dependencyid":"","logicalname":"raw_RAW.ColorPicker.ColorPicker","componenttype":66,"componenttypeplatformname":"CustomControl"},{"dependencyid":"","logicalname":"raw_RAW.ColorPicker.ColorPicker","componenttype":66,"componenttypeplatformname":"CustomControl"},{"dependencyid":"","logicalname":"raw_RAW.CanvasFileUploader","componenttype":66,"componenttypeplatformname":"CustomControl"},{"dependencyid":"","logicalname":"tbag_CanvizLLCPCF.PCFCopyTextComponent","componenttype":66,"componenttypeplatformname":"CustomControl"},{"dependencyid":"","logicalname":"tbag_CanvizLLCPCF.PCFCopyTextComponent","componenttype":66,"componenttypeplatformname":"CustomControl"},{"dependencyid":"","logicalname":"raw_RAW.CanvasFileDownloader","componenttype":66,"componenttypeplatformname":"CustomControl"},{"logicalname":"pp_SharePointURL","componenttype":380,"componenttypeplatformname":"EnvironmentVariableDefinition"},{"logicalname":"pp_shared_sharepointonline_6083e4336493421db46879be135108f8","componenttype":380,"componenttypeplatformname":"EnvironmentVariableDefinition"},{"logicalname":"pp_shared_sharepointonline_de21884916ed4bb99483d156e9f24e1d","componenttype":380,"componenttypeplatformname":"EnvironmentVariableDefinition"},{"logicalname":"pp_shared_sharepointonline_c237e0bb557f4c5393e7eac411d2532b","componenttype":380,"componenttypeplatformname":"EnvironmentVariableDefinition"}]}</CdsDependencies>
      <IsCustomizable>1</IsCustomizable>
      <BackgroundImageUri>/CanvasApps/pp_iconmenubuilderv2_b64c4_BackgroundImageUri</BackgroundImageUri>
      <DocumentUri>/CanvasApps/pp_iconmenubuilderv2_b64c4_DocumentUri.msapp</DocumentUri>
    </CanvasApp>
  </CanvasApps>
  <connectionreferences>
    <connectionreference connectionreferencelogicalname="tm_sharedsharepointonline_88297">
      <connectionreferencedisplayname>SharePoint</connectionreferencedisplayname>
      <connectorid>/providers/Microsoft.PowerApps/apis/shared_sharepointonline</connectorid>
      <iscustomizable>1</iscustomizable>
      <statecode>0</statecode>
      <statuscode>1</statuscode>
    </connectionreference>
  </connectionreferences>
  <Languages>
    <Language>1033</Language>
  </Languages>
</ImportExportXml>