<ImportExportXml version="9.2.21114.131" SolutionPackageVersion="9.2" languagecode="1033" generatedBy="CrmLive" xmlns:xsi="http://www.w3.org/2001/XMLSchema-instance">
  <SolutionManifest>
    <UniqueName>PPIconMenuBuilderv2</UniqueName>
    <LocalizedNames>
      <LocalizedName description="PP - Icon Menu Builder v2" languagecode="1033" />
    </LocalizedNames>
    <Descriptions />
    <Version>2.0.0.3</Version>
    <Managed>1</Managed>
    <Publisher>
      <UniqueName>pensplace</UniqueName>
      <LocalizedNames>
        <LocalizedName description="PensPlace" languagecode="1033" />
      </LocalizedNames>
      <Descriptions />
      <EMailAddress xsi:nil="true"></EMailAddress>
      <SupportingWebsiteUrl xsi:nil="true"></SupportingWebsiteUrl>
      <CustomizationPrefix>pp</CustomizationPrefix>
      <CustomizationOptionValuePrefix>77900</CustomizationOptionValuePrefix>
      <Addresses>
        <Address>
          <AddressNumber>1</AddressNumber>
          <AddressTypeCode>1</AddressTypeCode>
          <City xsi:nil="true"></City>
          <County xsi:nil="true"></County>
          <Country xsi:nil="true"></Country>
          <Fax xsi:nil="true"></Fax>
          <FreightTermsCode xsi:nil="true"></FreightTermsCode>
          <ImportSequenceNumber xsi:nil="true"></ImportSequenceNumber>
          <Latitude xsi:nil="true"></Latitude>
          <Line1 xsi:nil="true"></Line1>
          <Line2 xsi:nil="true"></Line2>
          <Line3 xsi:nil="true"></Line3>
          <Longitude xsi:nil="true"></Longitude>
          <Name xsi:nil="true"></Name>
          <PostalCode xsi:nil="true"></PostalCode>
          <PostOfficeBox xsi:nil="true"></PostOfficeBox>
          <PrimaryContactName xsi:nil="true"></PrimaryContactName>
          <ShippingMethodCode>1</ShippingMethodCode>
          <StateOrProvince xsi:nil="true"></StateOrProvince>
          <Telephone1 xsi:nil="true"></Telephone1>
          <Telephone2 xsi:nil="true"></Telephone2>
          <Telephone3 xsi:nil="true"></Telephone3>
          <TimeZoneRuleVersionNumber xsi:nil="true"></TimeZoneRuleVersionNumber>
          <UPSZone xsi:nil="true"></UPSZone>
          <UTCOffset xsi:nil="true"></UTCOffset>
          <UTCConversionTimeZoneCode xsi:nil="true"></UTCConversionTimeZoneCode>
        </Address>
        <Address>
          <AddressNumber>2</AddressNumber>
          <AddressTypeCode>1</AddressTypeCode>
          <City xsi:nil="true"></City>
          <County xsi:nil="true"></County>
          <Country xsi:nil="true"></Country>
          <Fax xsi:nil="true"></Fax>
          <FreightTermsCode xsi:nil="true"></FreightTermsCode>
          <ImportSequenceNumber xsi:nil="true"></ImportSequenceNumber>
          <Latitude xsi:nil="true"></Latitude>
          <Line1 xsi:nil="true"></Line1>
          <Line2 xsi:nil="true"></Line2>
          <Line3 xsi:nil="true"></Line3>
          <Longitude xsi:nil="true"></Longitude>
          <Name xsi:nil="true"></Name>
          <PostalCode xsi:nil="true"></PostalCode>
          <PostOfficeBox xsi:nil="true"></PostOfficeBox>
          <PrimaryContactName xsi:nil="true"></PrimaryContactName>
          <ShippingMethodCode>1</ShippingMethodCode>
          <StateOrProvince xsi:nil="true"></StateOrProvince>
          <Telephone1 xsi:nil="true"></Telephone1>
          <Telephone2 xsi:nil="true"></Telephone2>
          <Telephone3 xsi:nil="true"></Telephone3>
          <TimeZoneRuleVersionNumber xsi:nil="true"></TimeZoneRuleVersionNumber>
          <UPSZone xsi:nil="true"></UPSZone>
          <UTCOffset xsi:nil="true"></UTCOffset>
          <UTCConversionTimeZoneCode xsi:nil="true"></UTCConversionTimeZoneCode>
        </Address>
      </Addresses>
    </Publisher>
    <RootComponents>
      <RootComponent type="29" id="{547f72a3-70b0-eb11-8236-002248418460}" behavior="0" />
      <RootComponent type="300" schemaName="pp_iconmenubuilderv2_b64c4" behavior="0" />
    </RootComponents>
    <MissingDependencies>
      <MissingDependency>
        <Required type="66" schemaName="raw_RAW.CanvasFileDownloader" displayName="raw_RAW.CanvasFileDownloader" solution="Active" />
        <Dependent type="300" schemaName="pp_iconmenubuilderv2_b64c4" displayName="Icon Menu Builder v2" />
      </MissingDependency>
      <MissingDependency>
        <Required type="66" schemaName="raw_RAW.CanvasFileUploader" displayName="raw_RAW.CanvasFileUploader" solution="CanvasFileUploaderComponent (1.0.8)" />
        <Dependent type="300" schemaName="pp_iconmenubuilderv2_b64c4" displayName="Icon Menu Builder v2" />
      </MissingDependency>
      <MissingDependency>
        <Required type="66" schemaName="raw_RAW.ColorPicker.ColorPicker" displayName="raw_RAW.ColorPicker.ColorPicker" solution="ControlPicker (1.0.43)" />
        <Dependent type="300" schemaName="pp_iconmenubuilderv2_b64c4" displayName="Icon Menu Builder v2" />
      </MissingDependency>
      <MissingDependency>
        <Required type="66" schemaName="tbag_CanvizLLCPCF.PCFCopyTextComponent" displayName="tbag_CanvizLLCPCF.PCFCopyTextComponent" solution="CopyTextSolution (2.30)" />
        <Dependent type="300" schemaName="pp_iconmenubuilderv2_b64c4" displayName="Icon Menu Builder v2" />
      </MissingDependency>
    </MissingDependencies>
  </SolutionManifest>
</ImportExportXml>