<ImportExportXml xmlns:xsi="http://www.w3.org/2001/XMLSchema-instance">
  <Entities></Entities>
  <Roles></Roles>
  <Workflows></Workflows>
  <FieldSecurityProfiles></FieldSecurityProfiles>
  <Templates />
  <EntityMaps />
  <EntityRelationships />
  <OrganizationSettings />
  <optionsets />
  <CustomControls />
  <EntityDataProviders />
  <CanvasApps>
    <CanvasApp>
      <Name>tm_accessibilityhelpers_58655</Name>
      <AppVersion>2021-04-01T02:13:42Z</AppVersion>
      <Status>Ready</Status>
      <CreatedByClientVersion>3.21034.27.0</CreatedByClientVersion>
      <MinClientVersion>3.21034.27.0</MinClientVersion>
      <Tags>{"primaryDeviceWidth":"380","primaryDeviceHeight":"300","sienaVersion":"20210401T021342Z-3.21034.27.0","deviceCapabilities":"","supportsPortrait":"true","supportsLandscape":"false","primaryFormFactor":"Phone","publisherVersion":"3.21034.27","minimumRequiredApiVersion":"2.2.0","hasComponent":"true","hasUnlockedComponent":"true","isUnifiedRootApp":"false"}</Tags>
      <IsCdsUpgraded>0</IsCdsUpgraded>
      <GalleryItemId xsi:nil="true"></GalleryItemId>
      <BackgroundColor>rgba(76, 74, 72, 1)</BackgroundColor>
      <DisplayName>Accessibility Helpers</DisplayName>
      <Description xsi:nil="true"></Description>
      <CommitMessage xsi:nil="true"></CommitMessage>
      <Publisher xsi:nil="true"></Publisher>
      <AuthorizationReferences>[]</AuthorizationReferences>
      <ConnectionReferences>{}</ConnectionReferences>
      <DatabaseReferences>{}</DatabaseReferences>
      <AppComponents>[{"appComponentName":"458d7ff4d5cb4c29a33914f063e1b726","displayName":"Contrast Checker","appName":"efe6b8a9-29bb-48f4-8141-17b45f74dc55","appVersion":"2021-04-01T02:13:42Z","appDisplayName":"Accessibility Helpers","environmentName":"fcb77edd-fd87-4d73-b85b-7d27bb9cdaa4","owner":{"id":"d354b035-de21-476b-9421-f1bbb2c5840d","displayName":"Pen","email":"pen@inspectplus.onmicrosoft.com","type":"User","tenantId":"b37719a5-530a-457d-aac2-d6728b0983b4","userPrincipalName":"pen@inspectplus.onmicrosoft.com"},"allowCustomization":true,"createdOn":"2021-04-01T02:13:42.519Z","lastModifiedOn":"2021-04-01T02:13:42.519Z","connectionReferences":{}}]</AppComponents>
      <AppComponentDependencies>[]</AppComponentDependencies>
      <CanConsumeAppPass>1</CanConsumeAppPass>
      <CanvasAppType>1</CanvasAppType>
      <BypassConsent>0</BypassConsent>
      <AdminControlBypassConsent>0</AdminControlBypassConsent>
      <EmbeddedApp xsi:nil="true"></EmbeddedApp>
      <IntroducedVersion>1.0</IntroducedVersion>
      <CdsDependencies>{"cdsdependencies":[]}</CdsDependencies>
      <IsCustomizable>1</IsCustomizable>
      <BackgroundImageUri>/CanvasApps/tm_accessibilityhelpers_58655_BackgroundImageUri</BackgroundImageUri>
      <DocumentUri>/CanvasApps/tm_accessibilityhelpers_58655_DocumentUri.msapp</DocumentUri>
    </CanvasApp>
    <CanvasApp>
      <Name>pp_iconmenubuilder_4fae2</Name>
      <AppVersion>2021-05-05T12:10:01Z</AppVersion>
      <Status>Ready</Status>
      <CreatedByClientVersion>3.21043.23.0</CreatedByClientVersion>
      <MinClientVersion>3.21043.23.0</MinClientVersion>
      <Tags>{"primaryDeviceWidth":"2496","primaryDeviceHeight":"1189","sienaVersion":"8862ad65-7759-4505-b98d-3143caaf0cf3","deviceCapabilities":"","supportsPortrait":"false","supportsLandscape":"true","primaryFormFactor":"Tablet","publisherVersion":"3.21043.23","minimumRequiredApiVersion":"2.2.0","hasComponent":"true","hasUnlockedComponent":"true","isUnifiedRootApp":"false"}</Tags>
      <IsCdsUpgraded>0</IsCdsUpgraded>
      <GalleryItemId xsi:nil="true"></GalleryItemId>
      <BackgroundColor>rgba(76, 74, 72, 1)</BackgroundColor>
      <DisplayName>Icon Menu Builder</DisplayName>
      <Description>Fluent UI Icon Menu generator for PowerApps</Description>
      <CommitMessage xsi:nil="true"></CommitMessage>
      <Publisher xsi:nil="true"></Publisher>
      <AuthorizationReferences>[]</AuthorizationReferences>
      <ConnectionReferences>{"2a26db54-4005-4dc0-ae4d-82c2d61f5f92":{"id":"/providers/microsoft.powerapps/apis/shared_office365users","displayName":"Office 365 Users","iconUri":"https://connectoricons-prod.azureedge.net/releases/v1.0.1460/1.0.1460.2389/office365users/icon.png","dataSources":["Office365Users"],"dependencies":[],"dependents":[],"parameterHints":{},"isOnPremiseConnection":false,"bypassConsent":false,"dataSets":{},"apiTier":"Standard"},"f383c7c8-31da-4f03-a987-89cc487b181c":{"id":"/providers/microsoft.powerapps/apis/shared_powerappsforappmakers","displayName":"Power Apps for Makers","iconUri":"https://connectoricons-prod.azureedge.net/releases/v1.0.1462/1.0.1462.2398/powerappsforappmakers/icon.png","dataSources":["PowerAppsforMakers"],"dependencies":[],"dependents":[],"parameterHints":{},"isOnPremiseConnection":false,"bypassConsent":false,"dataSets":{},"apiTier":"Standard"}}</ConnectionReferences>
      <DatabaseReferences>{}</DatabaseReferences>
      <AppComponents>[]</AppComponents>
      <AppComponentDependencies>[]</AppComponentDependencies>
      <CanConsumeAppPass>1</CanConsumeAppPass>
      <CanvasAppType>0</CanvasAppType>
      <BypassConsent>0</BypassConsent>
      <AdminControlBypassConsent>0</AdminControlBypassConsent>
      <EmbeddedApp xsi:nil="true"></EmbeddedApp>
      <IntroducedVersion>1.0</IntroducedVersion>
      <CdsDependencies>{"cdsdependencies":[]}</CdsDependencies>
      <IsCustomizable>1</IsCustomizable>
      <BackgroundImageUri>/CanvasApps/pp_iconmenubuilder_4fae2_BackgroundImageUri</BackgroundImageUri>
      <DocumentUri>/CanvasApps/pp_iconmenubuilder_4fae2_DocumentUri.msapp</DocumentUri>
    </CanvasApp>
  </CanvasApps>
  <Languages>
    <Language>1033</Language>
  </Languages>
</ImportExportXml>