<?xml version="1.0" encoding="UTF-8" standalone="yes"?>
<manifest>
  <control namespace="RAW" constructor="CanvasFileDownloader" version="0.0.11" display-name-key="RAW! Canvas File Downloader" description-key="Allows you to download a base64 file to your local machine." control-type="standard" api-version="1.2.3">
    <property name="fileName" display-name-key="File Name" description-key="This will be the name of the file that the browser will use to save the file." of-type="SingleLine.Text" usage="input" required="true"/>
    <property name="fileMIMEType" display-name-key="MIME Type" description-key="This will be the name of the file that the browser will use to save the file." of-type="SingleLine.Text" usage="input" required="true"/>
    <property name="fileContents" display-name-key="Base64 Contents" description-key="This should be the base64 content of the file." of-type="SingleLine.Text" usage="input" required="true"/>
    <property name="download" display-name-key="Dowload" description-key="Setting this value to true will start the download" of-type="TwoOptions" usage="bound" required="true" default-value="false"/>
    <resources>
      <code path="bundle.js" order="1"/>
    </resources>
    <built-by name="pac" version="1.3.1"/>
  </control>
</manifest>