<ImportExportXml xmlns:xsi="http://www.w3.org/2001/XMLSchema-instance">
  <Entities></Entities>
  <Roles></Roles>
  <Workflows></Workflows>
  <FieldSecurityProfiles></FieldSecurityProfiles>
  <Templates />
  <EntityMaps />
  <EntityRelationships />
  <OrganizationSettings />
  <optionsets />
  <CustomControls>
    <CustomControl>
      <Name>pp_PensPlace.CanvasDownload</Name>
      <FileName>/Controls/pp_PensPlace.CanvasDownload/ControlManifest.xml</FileName>
    </CustomControl>
    <CustomControl>
      <Name>pp_PensPlace.ColorPicker</Name>
      <FileName>/Controls/pp_PensPlace.ColorPicker/ControlManifest.xml</FileName>
    </CustomControl>
    <CustomControl>
      <Name>pp_PensPlace.CopyText</Name>
      <FileName>/Controls/pp_PensPlace.CopyText/ControlManifest.xml</FileName>
    </CustomControl>
    <CustomControl>
      <Name>pp_PensPlace.CanvasUpload</Name>
      <FileName>/Controls/pp_PensPlace.CanvasUpload/ControlManifest.xml</FileName>
    </CustomControl>
  </CustomControls>
  <EntityDataProviders />
  <CanvasApps>
    <CanvasApp>
      <Name>pp_iconmenubuilderv2_08b7a</Name>
      <AppVersion>2022-01-12T00:05:13Z</AppVersion>
      <Status>NotReady</Status>
      <CreatedByClientVersion>3.21115.37.0</CreatedByClientVersion>
      <MinClientVersion>3.21115.37.0</MinClientVersion>
      <Tags>{"primaryDeviceWidth":"2143","primaryDeviceHeight":"1209","sienaVersion":"e3f45bc1-e52f-48b4-b728-f8f70bf6a54a","deviceCapabilities":"","supportsPortrait":"false","supportsLandscape":"true","primaryFormFactor":"Tablet","publisherVersion":"3.21115.37","minimumRequiredApiVersion":"2.2.0","hasComponent":"true","hasUnlockedComponent":"true","isUnifiedRootApp":"false"}</Tags>
      <IsCdsUpgraded>0</IsCdsUpgraded>
      <GalleryItemId xsi:nil="true"></GalleryItemId>
      <BackgroundColor>rgba(8, 8, 1, 1)</BackgroundColor>
      <DisplayName>Icon Menu Builder v2</DisplayName>
      <Description xsi:nil="true"></Description>
      <CommitMessage xsi:nil="true"></CommitMessage>
      <Publisher xsi:nil="true"></Publisher>
      <AuthorizationReferences>[]</AuthorizationReferences>
      <ConnectionReferences>{"98acac39-e9cc-4500-b188-72dde3f40033":{"id":"/providers/microsoft.powerapps/apis/shared_sharepointonline","displayName":"SharePoint","iconUri":"https://connectoricons-prod.azureedge.net/releases/v1.0.1539/1.0.1539.2620/sharepointonline/icon.png","dataSources":["MyFavouriteIcons","MyMenuItems","MyMenus"],"dependencies":[],"dependents":[],"parameterHints":{},"parameterHintsV2":{},"isOnPremiseConnection":false,"bypassConsent":false,"dataSets":{"https://pensplace.sharepoint.com/sites/IconMenuBuilder":{"datasetOverride":{"environmentVariableName":"pp_shared_sharepointonline_888f38951c974d96bbfe411d83cb82c2"},"dataSources":{"MyFavouriteIcons":{"tableName":"a628b682-5bf2-4ce1-b62b-bcc0158978f2","tableNameOverride":{"environmentVariableName":"pp_shared_sharepointonline_146f027e2e094f9c9fcee6502199493c"}},"MyMenuItems":{"tableName":"fce409c7-f656-4ecd-b992-b3697b446d4b","tableNameOverride":{"environmentVariableName":"pp_shared_sharepointonline_7f9dacecebaa45cc8fe4b1a1f93e231c"}},"MyMenus":{"tableName":"42c96d51-056f-4390-bf63-fed120a7b4c6","tableNameOverride":{"environmentVariableName":"pp_shared_sharepointonline_6f59b93ba9084104b2299334052068bf"}}}}},"apiTier":"Standard","actions":["providers/PowerPlatform.Governance/Operations/Read","providers/PowerPlatform.Governance/Operations/Delete"]}}</ConnectionReferences>
      <DatabaseReferences>{"default.cds":{"databaseDetails":{"referenceType":"Environmental","environmentName":"default.cds","overrideValues":{"status":"NotSpecified"}},"dataSources":{},"components":[{"componentName":"CustomControl","identifier":"pp_PensPlace.ColorPicker","identifierType":"LogicalName","capabilities":{"pcfExternalServiceUsageAllowed":false}},{"componentName":"CustomControl","identifier":"pp_PensPlace.ColorPicker","identifierType":"LogicalName","capabilities":{"pcfExternalServiceUsageAllowed":false}},{"componentName":"CustomControl","identifier":"pp_PensPlace.CanvasUpload","identifierType":"LogicalName","capabilities":{"pcfExternalServiceUsageAllowed":false}},{"componentName":"CustomControl","identifier":"pp_PensPlace.CopyText","identifierType":"LogicalName","capabilities":{"pcfExternalServiceUsageAllowed":false}},{"componentName":"CustomControl","identifier":"pp_PensPlace.CanvasDownload","identifierType":"LogicalName","capabilities":{"pcfExternalServiceUsageAllowed":false}},{"componentName":"CustomControl","identifier":"pp_PensPlace.CopyText","identifierType":"LogicalName","capabilities":{"pcfExternalServiceUsageAllowed":false}}]}}</DatabaseReferences>
      <AppComponents>[]</AppComponents>
      <AppComponentDependencies>[]</AppComponentDependencies>
      <CanConsumeAppPass>1</CanConsumeAppPass>
      <CanvasAppType>0</CanvasAppType>
      <BypassConsent>0</BypassConsent>
      <AdminControlBypassConsent>0</AdminControlBypassConsent>
      <EmbeddedApp xsi:nil="true"></EmbeddedApp>
      <IntroducedVersion>1.0</IntroducedVersion>
      <CdsDependencies>{"cdsdependencies":[{"dependencyid":"","logicalname":"pp_PensPlace.ColorPicker","componenttype":66,"componenttypeplatformname":"CustomControl"},{"dependencyid":"","logicalname":"pp_PensPlace.ColorPicker","componenttype":66,"componenttypeplatformname":"CustomControl"},{"dependencyid":"","logicalname":"pp_PensPlace.CanvasUpload","componenttype":66,"componenttypeplatformname":"CustomControl"},{"dependencyid":"","logicalname":"pp_PensPlace.CopyText","componenttype":66,"componenttypeplatformname":"CustomControl"},{"dependencyid":"","logicalname":"pp_PensPlace.CanvasDownload","componenttype":66,"componenttypeplatformname":"CustomControl"},{"dependencyid":"","logicalname":"pp_PensPlace.CopyText","componenttype":66,"componenttypeplatformname":"CustomControl"},{"logicalname":"pp_shared_sharepointonline_888f38951c974d96bbfe411d83cb82c2","componenttype":380,"componenttypeplatformname":"EnvironmentVariableDefinition"},{"logicalname":"pp_shared_sharepointonline_146f027e2e094f9c9fcee6502199493c","componenttype":380,"componenttypeplatformname":"EnvironmentVariableDefinition"},{"logicalname":"pp_shared_sharepointonline_7f9dacecebaa45cc8fe4b1a1f93e231c","componenttype":380,"componenttypeplatformname":"EnvironmentVariableDefinition"},{"logicalname":"pp_shared_sharepointonline_6f59b93ba9084104b2299334052068bf","componenttype":380,"componenttypeplatformname":"EnvironmentVariableDefinition"}]}</CdsDependencies>
      <IsCustomizable>1</IsCustomizable>
      <BackgroundImageUri>/CanvasApps/pp_iconmenubuilderv2_08b7a_BackgroundImageUri</BackgroundImageUri>
      <DocumentUri>/CanvasApps/pp_iconmenubuilderv2_08b7a_DocumentUri.msapp</DocumentUri>
    </CanvasApp>
  </CanvasApps>
  <Languages>
    <Language>1033</Language>
  </Languages>
</ImportExportXml>