<ImportExportXml xmlns:xsi="http://www.w3.org/2001/XMLSchema-instance">
  <Entities></Entities>
  <Roles></Roles>
  <Workflows></Workflows>
  <FieldSecurityProfiles></FieldSecurityProfiles>
  <Templates />
  <EntityMaps />
  <EntityRelationships />
  <OrganizationSettings />
  <optionsets />
  <CustomControls />
  <EntityDataProviders />
  <CanvasApps>
    <CanvasApp>
      <Name>pp_ppfluentuiiconmenubuilder_d5269</Name>
      <AppVersion>2021-04-04T02:46:52Z</AppVersion>
      <Status>Ready</Status>
      <CreatedByClientVersion>3.21034.27.0</CreatedByClientVersion>
      <MinClientVersion>3.21034.27.0</MinClientVersion>
      <Tags>{"primaryDeviceWidth":"1366","primaryDeviceHeight":"768","sienaVersion":"1a2ac9c1-8762-4dc8-a48d-310ef0d53044","deviceCapabilities":"","supportsPortrait":"false","supportsLandscape":"true","primaryFormFactor":"Tablet","publisherVersion":"3.21034.27","minimumRequiredApiVersion":"2.2.0","hasComponent":"true","hasUnlockedComponent":"true","isUnifiedRootApp":"false"}</Tags>
      <IsCdsUpgraded>0</IsCdsUpgraded>
      <GalleryItemId xsi:nil="true"></GalleryItemId>
      <BackgroundColor>rgba(76, 74, 72, 1)</BackgroundColor>
      <DisplayName>PP Fluent UI Icon Menu Builder</DisplayName>
      <Description>Fluent UI Icon Menu generator for PowerApps</Description>
      <CommitMessage xsi:nil="true"></CommitMessage>
      <Publisher xsi:nil="true"></Publisher>
      <AuthorizationReferences>[]</AuthorizationReferences>
      <ConnectionReferences>{"f383c7c8-31da-4f03-a987-89cc487b181c":{"id":"/providers/microsoft.powerapps/apis/shared_powerappsforappmakers","displayName":"Power Apps for Makers","iconUri":"https://connectoricons-prod.azureedge.net/releases/v1.0.1444/1.0.1444.2347/powerappsforappmakers/icon.png","dataSources":["PowerAppsforMakers"],"dependencies":[],"dependents":[],"parameterHints":{},"isOnPremiseConnection":false,"bypassConsent":false,"dataSets":{},"apiTier":"Standard"},"2a26db54-4005-4dc0-ae4d-82c2d61f5f92":{"id":"/providers/microsoft.powerapps/apis/shared_office365users","displayName":"Office 365 Users","iconUri":"https://connectoricons-prod.azureedge.net/releases/v1.0.1430/1.0.1430.2296/office365users/icon.png","dataSources":["Office365Users"],"dependencies":[],"dependents":[],"parameterHints":{},"isOnPremiseConnection":false,"bypassConsent":false,"dataSets":{},"apiTier":"Standard"}}</ConnectionReferences>
      <DatabaseReferences>{}</DatabaseReferences>
      <AppComponents>[]</AppComponents>
      <AppComponentDependencies>[]</AppComponentDependencies>
      <CanConsumeAppPass>1</CanConsumeAppPass>
      <CanvasAppType>0</CanvasAppType>
      <BypassConsent>0</BypassConsent>
      <AdminControlBypassConsent>0</AdminControlBypassConsent>
      <EmbeddedApp xsi:nil="true"></EmbeddedApp>
      <IntroducedVersion>1.0</IntroducedVersion>
      <CdsDependencies>{"cdsdependencies":[]}</CdsDependencies>
      <IsCustomizable>1</IsCustomizable>
      <BackgroundImageUri>/CanvasApps/pp_ppfluentuiiconmenubuilder_d5269_BackgroundImageUri</BackgroundImageUri>
      <DocumentUri>/CanvasApps/pp_ppfluentuiiconmenubuilder_d5269_DocumentUri.msapp</DocumentUri>
    </CanvasApp>
    <CanvasApp>
      <Name>tm_accessibilityhelpers_775f5</Name>
      <AppVersion>2021-04-02T05:58:16Z</AppVersion>
      <Status>Ready</Status>
      <CreatedByClientVersion>3.21033.41.0</CreatedByClientVersion>
      <MinClientVersion>3.21033.41.0</MinClientVersion>
      <Tags>{"primaryDeviceWidth":"640","primaryDeviceHeight":"1136","sienaVersion":"20210327T191535Z-3.21033.41.0","deviceCapabilities":"","supportsPortrait":"true","supportsLandscape":"false","primaryFormFactor":"Phone","publisherVersion":"3.21033.41","minimumRequiredApiVersion":"2.2.0","hasComponent":"true","hasUnlockedComponent":"true","isUnifiedRootApp":"false"}</Tags>
      <IsCdsUpgraded>0</IsCdsUpgraded>
      <GalleryItemId xsi:nil="true"></GalleryItemId>
      <BackgroundColor>rgba(251, 101, 60, 255)</BackgroundColor>
      <DisplayName>Accessibility Helpers</DisplayName>
      <Description></Description>
      <CommitMessage></CommitMessage>
      <Publisher></Publisher>
      <AuthorizationReferences>[]</AuthorizationReferences>
      <ConnectionReferences>{}</ConnectionReferences>
      <DatabaseReferences>{}</DatabaseReferences>
      <CanvasAppType>1</CanvasAppType>
      <BypassConsent>0</BypassConsent>
      <EmbeddedApp xsi:nil="true"></EmbeddedApp>
      <IntroducedVersion>1.0</IntroducedVersion>
      <CdsDependencies xsi:nil="true"></CdsDependencies>
      <IsCustomizable>1</IsCustomizable>
      <BackgroundImageUri>/CanvasApps/tm_accessibilityhelpers_775f5_BackgroundImageUri</BackgroundImageUri>
      <DocumentUri>/CanvasApps/tm_accessibilityhelpers_775f5_DocumentUri.msapp</DocumentUri>
    </CanvasApp>
  </CanvasApps>
  <Languages>
    <Language>1033</Language>
  </Languages>
</ImportExportXml>