<environmentvariabledefinition schemaname="pp_shared_sharepointonline_4fdc2dd7ecbf4ec1ac195c4e5b211aa3">
  <apiid>/providers/microsoft.powerapps/apis/shared_sharepointonline</apiid>
  <displayname default="MyMenus">
    <label description="MyMenus" languagecode="1033" />
  </displayname>
  <introducedversion>1.0.0.0</introducedversion>
  <iscustomizable>1</iscustomizable>
  <isrequired>0</isrequired>
  <parameterkey>table</parameterkey>
  <parentdefinitionid>
    <schemaname>pp_shared_sharepointonline_c5864d24f9344856878c9f7fbc7c67db</schemaname>
  </parentdefinitionid>
  <secretstore>0</secretstore>
  <type>100000004</type>
</environmentvariabledefinition>