<environmentvariabledefinition schemaname="pp_shared_sharepointonline_888f38951c974d96bbfe411d83cb82c2">
  <apiid>/providers/microsoft.powerapps/apis/shared_sharepointonline</apiid>
  <displayname default="Icon Menu Builder">
    <label description="Icon Menu Builder" languagecode="1033" />
  </displayname>
  <introducedversion>1.0.0.0</introducedversion>
  <iscustomizable>1</iscustomizable>
  <isrequired>0</isrequired>
  <parameterkey>dataset</parameterkey>
  <secretstore>0</secretstore>
  <type>100000004</type>
</environmentvariabledefinition>