<environmentvariabledefinition schemaname="pp_shared_sharepointonline_de21884916ed4bb99483d156e9f24e1d">
  <apiid>/providers/microsoft.powerapps/apis/shared_sharepointonline</apiid>
  <displayname default="MyMenuItems">
    <label description="MyMenuItems" languagecode="1033" />
  </displayname>
  <introducedversion>1.0.0.0</introducedversion>
  <iscustomizable>1</iscustomizable>
  <isrequired>0</isrequired>
  <parameterkey>table</parameterkey>
  <parentdefinitionid>
    <schemaname>pp_SharePointURL</schemaname>
  </parentdefinitionid>
  <secretstore>0</secretstore>
  <type>100000004</type>
</environmentvariabledefinition>