<environmentvariabledefinition schemaname="pp_SharePointURL">
  <apiid>/providers/microsoft.powerapps/apis/shared_sharepointonline</apiid>
  <displayname default="Icon Menu Builder SharePoint Site">
    <label description="Icon Menu Builder SharePoint Site" languagecode="1033" />
  </displayname>
  <introducedversion>1.0.0.10</introducedversion>
  <iscustomizable>1</iscustomizable>
  <isrequired>0</isrequired>
  <parameterkey>dataset</parameterkey>
  <type>100000004</type>
</environmentvariabledefinition>