<environmentvariabledefinition schemaname="pp_shared_sharepointonline_8319f2df4f8c4ca9977736c02eebdc1c">
  <apiid>/providers/microsoft.powerapps/apis/shared_sharepointonline</apiid>
  <displayname default="MyMenuItems">
    <label description="MyMenuItems" languagecode="1033" />
  </displayname>
  <introducedversion>1.0.0.0</introducedversion>
  <iscustomizable>1</iscustomizable>
  <isrequired>0</isrequired>
  <parameterkey>table</parameterkey>
  <parentdefinitionid>
    <schemaname>pp_shared_sharepointonline_c5864d24f9344856878c9f7fbc7c67db</schemaname>
  </parentdefinitionid>
  <secretstore>0</secretstore>
  <type>100000004</type>
</environmentvariabledefinition>