<manifest><control namespace="PensPlace" constructor="CopyText" version="0.0.1" display-name-key="CopyText" description-key="CopyText description" control-type="standard" api-version="1.3.3"><type-group name="strings"><type>SingleLine.Text</type><type>Multiple</type></type-group><property name="Value" display-name-key="Value_Display_Key" description-key="Value_Desc_Key" of-type="SingleLine.Text" usage="bound" required="false" default-value="" /><property name="MultiLine" display-name-key="MultiLine_Display_Key" description-key="MultiLine_Desc_Key" of-type="TwoOptions" usage="input" required="true" default-value="false" /><property name="ReadOnly" display-name-key="ReadOnly_Display_Key" description-key="ReadOnly_Desc_Key" of-type="TwoOptions" usage="input" required="true" default-value="false" /><property name="MaxLength" display-name-key="MaxLength_Display_Key" description-key="MaxLength_Desc_Key" of-type="Whole.None" usage="input" required="false" default-value="255" /><property name="Placeholder" display-name-key="Placeholder_Display_Key" description-key="Placeholder_Desc_Key" of-type="SingleLine.Text" usage="input" required="false" default-value="" /><property name="InputColor" display-name-key="InputColor_Display_Key" description-key="InputColor_Desc_Key" of-type="SingleLine.Text" usage="input" required="false" default-value="RGBA(0,0,0,1)" /><property name="InputFontSize" display-name-key="InputFontSize_Display_Key" description-key="InputFontSize_Desc_Key" of-type="Whole.None" usage="input" required="false" default-value="13" /><property name="InputFontWeight" display-name-key="InputFontWeight_Display_Key" description-key="InputFontWeight_Desc_Key" of-type="SingleLine.Text" usage="input" required="false" default-value="Normal" /><property name="InputFontFamily" display-name-key="InputFontFamily_Display_Key" description-key="InputFontFamily_Desc_Key" of-type="SingleLine.Text" usage="input" required="false" default-value="Open Sans" /><property name="InputBorderThickness" display-name-key="InputBorderThickness_Display_Key" description-key="InputBorderThickness_Desc_Key" of-type="Whole.None" usage="input" required="false" default-value="2" /><property name="InputBorderRadius" display-name-key="InputBorderRadius_Display_Key" description-key="InputBorderRadius_Desc_Key" of-type="Whole.None" usage="input" required="false" default-value="5" /><property name="InputBorderColor" display-name-key="InputBorderColor_Display_Key" description-key="InputBorderColor_Desc_Key" of-type="SingleLine.Text" usage="input" required="false" default-value="RGBA(0,18,107,1)" /><property name="InputBackgroundColor" display-name-key="InputBackgroundColor_Display_Key" description-key="InputBackgroundColor_Desc_Key" of-type="SingleLine.Text" usage="input" required="false" default-value="RGBA(255,255,255,1)" /><property name="ButtonColor" display-name-key="ButtonColor_Display_Key" description-key="ButtonColor_Desc_Key" of-type="SingleLine.Text" usage="input" required="false" default-value="RGBA(255,255,255,1)" /><property name="ButtonFontSize" display-name-key="ButtonFontSize_Display_Key" description-key="ButtonFontSize_Desc_Key" of-type="Whole.None" usage="input" required="false" default-value="15" /><property name="ButtonFontWeight" display-name-key="ButtonFontWeight_Display_Key" description-key="ButtonFontWeight_Desc_Key" of-type="SingleLine.Text" usage="input" required="false" default-value="Semibold" /><property name="ButtonFontFamily" display-name-key="ButtonFontFamily_Display_Key" description-key="ButtonFontFamily_Desc_Key" of-type="SingleLine.Text" usage="input" required="false" default-value="Open Sans" /><property name="ButtonBorderThickness" display-name-key="ButtonBorderThickness_Display_Key" description-key="ButtonBorderThickness_Desc_Key" of-type="Whole.None" usage="input" required="false" default-value="2" /><property name="ButtonBorderRadius" display-name-key="ButtonBorderRadius_Display_Key" description-key="ButtonBorderRadius_Desc_Key" of-type="Whole.None" usage="input" required="false" default-value="10" /><property name="ButtonBorderColor" display-name-key="ButtonBorderColor_Display_Key" description-key="ButtonBorderColor_Desc_Key" of-type="SingleLine.Text" usage="input" required="false" default-value="RGBA(56,96,178,1)" /><property name="ButtonBackgroundColor" display-name-key="ButtonBackgroundColor_Display_Key" description-key="ButtonBackgroundColor_Desc_Key" of-type="SingleLine.Text" usage="input" required="false" default-value="RGBA(56,96,178,1)" /><resources><code path="bundle.js" order="1" /><css path="css/copytext.css" order="1" /><resx path="strings/copytext.1033.resx" version="1.0.0" /></resources><built-by name="pac" version="1.10.4" /></control></manifest>