<environmentvariabledefinition schemaname="pp_shared_sharepointonline_7f9dacecebaa45cc8fe4b1a1f93e231c">
  <apiid>/providers/microsoft.powerapps/apis/shared_sharepointonline</apiid>
  <displayname default="MyMenuItems">
    <label description="MyMenuItems" languagecode="1033" />
  </displayname>
  <introducedversion>1.0.0.0</introducedversion>
  <iscustomizable>1</iscustomizable>
  <isrequired>0</isrequired>
  <parameterkey>table</parameterkey>
  <parentdefinitionid>
    <schemaname>pp_shared_sharepointonline_888f38951c974d96bbfe411d83cb82c2</schemaname>
  </parentdefinitionid>
  <secretstore>0</secretstore>
  <type>100000004</type>
</environmentvariabledefinition>